cohort,model,metric,n_fold,mean,sd,ci_half,fold0,fold1,fold2,fold3
BRCA,2DMamba,gene PCC,4,0.35194,0.03184,0.05067,0.38924,0.36692,0.33132,0.3203
BRCA,2DMamba,gene SCC,4,0.34761,0.00861,0.01369,0.35339,0.35505,0.34578,0.33621
BRCA,AbMIL,gene PCC,4,0.36984,0.02475,0.03938,0.38426,0.39701,0.34543,0.35266
BRCA,AbMIL,gene SCC,4,0.36329,0.0134,0.02132,0.35917,0.38089,0.34877,0.3643
BRCA,AbReg,gene PCC,4,0.3553,0.01606,0.02556,0.34803,0.37878,0.35159,0.34281
BRCA,AbReg,gene SCC,4,0.34853,0.01483,0.02359,0.33222,0.36677,0.34213,0.353
BRCA,CPNN,gene PCC,4,0.3597,0.01822,0.02899,0.3701,0.37471,0.36001,0.33397
BRCA,CPNN,gene SCC,4,0.356,0.01114,0.01773,0.3463,0.36557,0.36572,0.3464
BRCA,HE2RNA,gene PCC,4,0.30035,0.03251,0.05173,0.31143,0.33604,0.29542,0.25852
BRCA,HE2RNA,gene SCC,4,0.29275,0.01707,0.02717,0.28583,0.31796,0.28015,0.28706
BRCA,ILRA,gene PCC,4,0.23785,0.0638,0.10152,0.21235,0.29914,0.16011,0.2798
BRCA,ILRA,gene SCC,4,0.27075,0.03144,0.05003,0.22477,0.29185,0.27621,0.29016
BRCA,MOSBY,gene PCC,4,0.3428,0.02237,0.0356,0.36881,0.35324,0.32962,0.31952
BRCA,MOSBY,gene SCC,4,0.34927,0.00803,0.01278,0.34704,0.35577,0.35542,0.33885
BRCA,MambaMIL,gene PCC,4,0.36297,0.02971,0.04727,0.38224,0.39414,0.33377,0.34171
BRCA,MambaMIL,gene SCC,4,0.35588,0.01626,0.02588,0.35391,0.37556,0.33595,0.3581
BRCA,Max,gene PCC,4,0.29425,0.02118,0.0337,0.31705,0.30053,0.29318,0.26623
BRCA,Max,gene SCC,4,0.28329,0.00893,0.01421,0.2739,0.29356,0.28762,0.27808
BRCA,Mean,gene PCC,4,0.33571,0.02706,0.04306,0.35905,0.35915,0.31441,0.31022
BRCA,Mean,gene SCC,4,0.33809,0.00914,0.01455,0.33398,0.35119,0.33691,0.33028
BRCA,MoSPR (ours),gene PCC,4,0.4134,0.01664,0.02648,0.43103,0.41959,0.41145,0.39155
BRCA,MoSPR (ours),gene SCC,4,0.41058,0.00856,0.01362,0.40948,0.39985,0.4206,0.41239
BRCA,S4MIL,gene PCC,4,0.32838,0.00996,0.01585,0.34013,0.32875,0.32887,0.31576
BRCA,S4MIL,gene SCC,4,0.32972,0.0088,0.01401,0.31903,0.34051,0.32874,0.33062
BRCA,SEQUOIA VIS,gene PCC,4,0.35273,0.03342,0.05318,0.37935,0.37445,0.35093,0.30618
BRCA,SEQUOIA VIS,gene SCC,4,0.33741,0.0067,0.01066,0.33733,0.3422,0.34214,0.32797
BRCA,SRMambaMIL,gene PCC,4,0.36124,0.02187,0.0348,0.37293,0.38059,0.3606,0.33085
BRCA,SRMambaMIL,gene SCC,4,0.35219,0.00924,0.0147,0.3439,0.36223,0.35783,0.34479
BRCA,tRNAformer,gene PCC,4,0.34114,0.0234,0.03723,0.363,0.35222,0.34046,0.30887
BRCA,tRNAformer,gene SCC,4,0.33221,0.00779,0.01239,0.33189,0.34084,0.33409,0.32202
KIRC,2DMamba,gene PCC,4,0.28747,0.00901,0.01434,0.27984,0.29864,0.28049,0.29091
KIRC,2DMamba,gene SCC,4,0.29237,0.01643,0.02614,0.27693,0.31464,0.28384,0.29406
KIRC,AbMIL,gene PCC,4,0.29252,0.01275,0.02029,0.2801,0.28825,0.29149,0.31024
KIRC,AbMIL,gene SCC,4,0.299,0.01458,0.02319,0.27976,0.31301,0.29626,0.30696
KIRC,AbReg,gene PCC,4,0.28926,0.03053,0.04859,0.24678,0.3105,0.28732,0.31244
KIRC,AbReg,gene SCC,4,0.29271,0.0297,0.04727,0.25244,0.31462,0.28817,0.31562
KIRC,CPNN,gene PCC,4,0.29267,0.00615,0.00979,0.28748,0.30139,0.28943,0.2924
KIRC,CPNN,gene SCC,4,0.30977,0.00912,0.01451,0.29873,0.32059,0.31221,0.30756
KIRC,HE2RNA,gene PCC,4,0.25564,0.03224,0.05131,0.21889,0.29351,0.24215,0.26798
KIRC,HE2RNA,gene SCC,4,0.27266,0.03079,0.049,0.2441,0.31443,0.25613,0.27598
KIRC,ILRA,gene PCC,4,0.19082,0.10079,0.16038,0.22595,0.25156,0.24524,0.04051
KIRC,ILRA,gene SCC,4,0.24805,0.01696,0.02699,0.22784,0.26142,0.2627,0.24023
KIRC,MOSBY,gene PCC,4,0.26427,0.01785,0.0284,0.24133,0.27445,0.25958,0.2817
KIRC,MOSBY,gene SCC,4,0.28867,0.03091,0.04918,0.24667,0.31011,0.28426,0.31362
KIRC,MambaMIL,gene PCC,4,0.2895,0.01929,0.0307,0.26582,0.29898,0.28309,0.31012
KIRC,MambaMIL,gene SCC,4,0.28965,0.02124,0.0338,0.26819,0.3184,0.29047,0.28154
KIRC,Max,gene PCC,4,0.23564,0.01162,0.01848,0.22954,0.25301,0.22893,0.23107
KIRC,Max,gene SCC,4,0.24435,0.01323,0.02106,0.23361,0.2636,0.2388,0.24138
KIRC,Mean,gene PCC,4,0.28474,0.00942,0.01499,0.27243,0.28336,0.28846,0.29469
KIRC,Mean,gene SCC,4,0.29299,0.01383,0.02201,0.27318,0.30426,0.29426,0.30026
KIRC,MoSPR (ours),gene PCC,4,0.33405,0.02419,0.03849,0.29974,0.34898,0.33458,0.35289
KIRC,MoSPR (ours),gene SCC,4,0.34789,0.02278,0.03625,0.31658,0.37012,0.35695,0.3479
KIRC,S4MIL,gene PCC,4,0.26895,0.03659,0.05823,0.23336,0.31335,0.24529,0.28379
KIRC,S4MIL,gene SCC,4,0.27446,0.03365,0.05354,0.23843,0.3156,0.25789,0.28591
KIRC,SEQUOIA VIS,gene PCC,4,0.3099,0.0236,0.03756,0.28475,0.34135,0.30288,0.31061
KIRC,SEQUOIA VIS,gene SCC,4,0.31417,0.02503,0.03983,0.28458,0.34548,0.31661,0.31001
KIRC,SRMambaMIL,gene PCC,4,0.29244,0.01694,0.02695,0.29506,0.27639,0.28324,0.31506
KIRC,SRMambaMIL,gene SCC,4,0.29395,0.00957,0.01523,0.28262,0.30085,0.28949,0.30285
KIRC,tRNAformer,gene PCC,4,0.31165,0.01712,0.02724,0.29673,0.32507,0.29699,0.32782
KIRC,tRNAformer,gene SCC,4,0.31909,0.02218,0.0353,0.29142,0.33902,0.31104,0.33487
LUAD,2DMamba,gene PCC,4,0.3002,0.01347,0.02143,0.30718,0.29489,0.2841,0.31463
LUAD,2DMamba,gene SCC,4,0.3129,0.01402,0.0223,0.32614,0.30495,0.29727,0.32323
LUAD,AbMIL,gene PCC,4,0.30797,0.01339,0.0213,0.28927,0.30735,0.31824,0.31702
LUAD,AbMIL,gene SCC,4,0.32359,0.01773,0.02821,0.30083,0.31862,0.33458,0.34031
LUAD,AbReg,gene PCC,4,0.29634,0.01189,0.01892,0.28203,0.29116,0.30494,0.30722
LUAD,AbReg,gene SCC,4,0.31064,0.00992,0.01579,0.3015,0.30578,0.31091,0.32436
LUAD,CPNN,gene PCC,4,0.30517,0.00416,0.00662,0.30081,0.30277,0.31003,0.30707
LUAD,CPNN,gene SCC,4,0.3252,0.00888,0.01413,0.31903,0.32211,0.32127,0.33837
LUAD,HE2RNA,gene PCC,4,0.27552,0.00997,0.01586,0.2637,0.28809,0.27492,0.27537
LUAD,HE2RNA,gene SCC,4,0.29692,0.01171,0.01864,0.28648,0.31149,0.28846,0.30126
LUAD,ILRA,gene PCC,4,0.28002,0.00885,0.01408,0.27584,0.2906,0.28333,0.2703
LUAD,ILRA,gene SCC,4,0.30388,0.00848,0.0135,0.29381,0.31333,0.30066,0.30773
LUAD,MOSBY,gene PCC,4,0.28933,0.02665,0.0424,0.25929,0.32228,0.29617,0.27956
LUAD,MOSBY,gene SCC,4,0.30762,0.01946,0.03097,0.28475,0.33234,0.3066,0.3068
LUAD,MambaMIL,gene PCC,4,0.31933,0.01978,0.03148,0.29152,0.32599,0.33804,0.32178
LUAD,MambaMIL,gene SCC,4,0.33498,0.01777,0.02828,0.30869,0.3401,0.34732,0.3438
LUAD,Max,gene PCC,4,0.25783,0.01754,0.02791,0.23739,0.28026,0.25707,0.25659
LUAD,Max,gene SCC,4,0.27819,0.01492,0.02374,0.26303,0.2975,0.2708,0.28144
LUAD,Mean,gene PCC,4,0.292,0.01032,0.01643,0.28588,0.2837,0.3066,0.2918
LUAD,Mean,gene SCC,4,0.31476,0.01168,0.01859,0.31023,0.30113,0.31947,0.32821
LUAD,MoSPR (ours),gene PCC,4,0.35805,0.00932,0.01483,0.35561,0.37167,0.35423,0.35067
LUAD,MoSPR (ours),gene SCC,4,0.37567,0.01215,0.01934,0.37038,0.39385,0.36838,0.37006
LUAD,S4MIL,gene PCC,4,0.29894,0.01145,0.01822,0.28285,0.3027,0.3098,0.30041
LUAD,S4MIL,gene SCC,4,0.31488,0.00972,0.01547,0.30041,0.3213,0.31846,0.31937
LUAD,SEQUOIA VIS,gene PCC,4,0.31714,0.0148,0.02354,0.31862,0.30069,0.33629,0.31297
LUAD,SEQUOIA VIS,gene SCC,4,0.33091,0.01554,0.02472,0.32478,0.31263,0.34834,0.33789
LUAD,SRMambaMIL,gene PCC,4,0.3113,0.02252,0.03584,0.27783,0.31886,0.32647,0.32202
LUAD,SRMambaMIL,gene SCC,4,0.32593,0.0241,0.03834,0.29107,0.32959,0.33784,0.3452
LUAD,tRNAformer,gene PCC,4,0.31609,0.00989,0.01573,0.31392,0.31369,0.33004,0.30669
LUAD,tRNAformer,gene SCC,4,0.33633,0.00656,0.01044,0.32707,0.33783,0.34258,0.33782
BRCA,2DMamba,gobp SCC (median),4,0.43946,0.02597,0.04132,0.42839,0.47427,0.44188,0.41332
BRCA,2DMamba,hallmark SCC (median),4,0.46009,0.02567,0.04085,0.44277,0.48819,0.47506,0.43434
BRCA,2DMamba,kegg SCC (median),4,0.40821,0.02335,0.03716,0.39025,0.43995,0.41159,0.39105
BRCA,AbMIL,gobp SCC (median),4,0.47622,0.03425,0.0545,0.45856,0.52636,0.45085,0.4691
BRCA,AbMIL,hallmark SCC (median),4,0.49957,0.036,0.05728,0.49912,0.54261,0.45452,0.50201
BRCA,AbMIL,kegg SCC (median),4,0.446,0.04133,0.06577,0.41786,0.50652,0.42124,0.4384
BRCA,AbReg,gobp SCC (median),4,0.45347,0.02828,0.045,0.41906,0.4878,0.45779,0.44923
BRCA,AbReg,hallmark SCC (median),4,0.48084,0.02266,0.03605,0.4612,0.51301,0.47909,0.47006
BRCA,AbReg,kegg SCC (median),4,0.42503,0.03563,0.05669,0.38086,0.46802,0.42762,0.42362
BRCA,CPNN,gobp SCC (median),4,0.37695,0.02576,0.04099,0.34726,0.37837,0.40989,0.37229
BRCA,CPNN,hallmark SCC (median),4,0.39101,0.02985,0.0475,0.36278,0.38946,0.43264,0.37917
BRCA,CPNN,kegg SCC (median),4,0.3272,0.01787,0.02843,0.30936,0.32385,0.352,0.32358
BRCA,HE2RNA,gobp SCC (median),4,0.32877,0.02889,0.04598,0.31043,0.36931,0.32947,0.30588
BRCA,HE2RNA,hallmark SCC (median),4,0.3329,0.02585,0.04114,0.31861,0.37093,0.31498,0.32707
BRCA,HE2RNA,kegg SCC (median),4,0.30043,0.02868,0.04564,0.27498,0.34162,0.29257,0.29253
BRCA,ILRA,gobp SCC (median),4,0.35827,0.05333,0.08487,0.27955,0.39447,0.37172,0.38736
BRCA,ILRA,hallmark SCC (median),4,0.38512,0.0535,0.08513,0.31321,0.43668,0.37874,0.41185
BRCA,ILRA,kegg SCC (median),4,0.32952,0.0626,0.09961,0.24048,0.37986,0.33239,0.36537
BRCA,MOSBY,gobp SCC (median),4,0.38086,0.02627,0.04181,0.37822,0.40595,0.39395,0.34532
BRCA,MOSBY,hallmark SCC (median),4,0.3998,0.03069,0.04883,0.40808,0.43475,0.39551,0.36085
BRCA,MOSBY,kegg SCC (median),4,0.35402,0.03763,0.05988,0.35095,0.39052,0.37155,0.30305
BRCA,MambaMIL,gobp SCC (median),4,0.45756,0.03706,0.05897,0.43623,0.51307,0.4401,0.44085
BRCA,MambaMIL,hallmark SCC (median),4,0.47864,0.04693,0.07468,0.46444,0.54833,0.44854,0.45326
BRCA,MambaMIL,kegg SCC (median),4,0.42323,0.0452,0.07193,0.39444,0.49046,0.40868,0.39936
BRCA,Max,gobp SCC (median),4,0.33718,0.01926,0.03065,0.33441,0.36382,0.33268,0.31781
BRCA,Max,hallmark SCC (median),4,0.35611,0.01074,0.01709,0.35744,0.37057,0.35054,0.3459
BRCA,Max,kegg SCC (median),4,0.3205,0.02254,0.03586,0.31744,0.35326,0.30603,0.30529
BRCA,Mean,gobp SCC (median),4,0.44818,0.03035,0.0483,0.41007,0.48377,0.44492,0.45397
BRCA,Mean,hallmark SCC (median),4,0.46903,0.02132,0.03392,0.45359,0.4936,0.44898,0.47995
BRCA,Mean,kegg SCC (median),4,0.41475,0.03712,0.05907,0.37384,0.464,0.41036,0.41079
BRCA,MoSPR (ours),gobp SCC (median),4,0.52015,0.00986,0.01569,0.50888,0.51489,0.52892,0.5279
BRCA,MoSPR (ours),hallmark SCC (median),4,0.55071,0.00913,0.01453,0.55014,0.54103,0.54864,0.56304
BRCA,MoSPR (ours),kegg SCC (median),4,0.48571,0.0109,0.01735,0.47934,0.4784,0.50174,0.48336
BRCA,S4MIL,gobp SCC (median),4,0.41415,0.02839,0.04518,0.39,0.45503,0.40229,0.40927
BRCA,S4MIL,hallmark SCC (median),4,0.43357,0.02339,0.03722,0.40421,0.45988,0.4287,0.44148
BRCA,S4MIL,kegg SCC (median),4,0.38269,0.02652,0.04221,0.3658,0.42095,0.36385,0.38014
BRCA,SEQUOIA VIS,gobp SCC (median),4,0.41282,0.01675,0.02665,0.3989,0.43129,0.42272,0.39838
BRCA,SEQUOIA VIS,hallmark SCC (median),4,0.44374,0.0105,0.01671,0.44062,0.45848,0.44216,0.43368
BRCA,SEQUOIA VIS,kegg SCC (median),4,0.38486,0.01968,0.03131,0.36253,0.39758,0.40475,0.37456
BRCA,SRMambaMIL,gobp SCC (median),4,0.44778,0.04089,0.06507,0.39901,0.48523,0.47763,0.42924
BRCA,SRMambaMIL,hallmark SCC (median),4,0.46268,0.04644,0.0739,0.41427,0.51537,0.48644,0.43464
BRCA,SRMambaMIL,kegg SCC (median),4,0.41074,0.04682,0.0745,0.35442,0.45268,0.44568,0.39018
BRCA,tRNAformer,gobp SCC (median),4,0.38097,0.01232,0.0196,0.37564,0.3928,0.38924,0.36619
BRCA,tRNAformer,hallmark SCC (median),4,0.41217,0.00868,0.01382,0.41262,0.4197,0.39989,0.41647
BRCA,tRNAformer,kegg SCC (median),4,0.34498,0.01351,0.0215,0.33661,0.35286,0.35964,0.33081
KIRC,2DMamba,gobp SCC (median),4,0.37035,0.0536,0.08528,0.34421,0.43604,0.31292,0.38825
KIRC,2DMamba,hallmark SCC (median),4,0.38145,0.04833,0.07691,0.38437,0.44448,0.32784,0.36911
KIRC,2DMamba,kegg SCC (median),4,0.38848,0.04229,0.06729,0.35499,0.43993,0.3527,0.40628
KIRC,AbMIL,gobp SCC (median),4,0.3885,0.04916,0.07822,0.3235,0.42887,0.37745,0.42417
KIRC,AbMIL,hallmark SCC (median),4,0.37824,0.0438,0.06969,0.3412,0.38514,0.34927,0.43736
KIRC,AbMIL,kegg SCC (median),4,0.41783,0.04318,0.06871,0.36107,0.46547,0.41688,0.42792
KIRC,AbReg,gobp SCC (median),4,0.38906,0.05615,0.08935,0.30736,0.4334,0.40003,0.41545
KIRC,AbReg,hallmark SCC (median),4,0.39723,0.07534,0.11988,0.29433,0.42499,0.3971,0.47252
KIRC,AbReg,kegg SCC (median),4,0.42034,0.06124,0.09744,0.32991,0.46518,0.44648,0.43977
KIRC,CPNN,gobp SCC (median),4,0.29271,0.01524,0.02425,0.31037,0.28373,0.27683,0.29992
KIRC,CPNN,hallmark SCC (median),4,0.28243,0.04514,0.07182,0.32782,0.22038,0.28518,0.29635
KIRC,CPNN,kegg SCC (median),4,0.34853,0.01896,0.03018,0.37668,0.33535,0.34059,0.34149
KIRC,HE2RNA,gobp SCC (median),4,0.3215,0.07461,0.11872,0.30936,0.42992,0.26435,0.28236
KIRC,HE2RNA,hallmark SCC (median),4,0.29905,0.05464,0.08695,0.28882,0.37474,0.24416,0.28847
KIRC,HE2RNA,kegg SCC (median),4,0.33969,0.06851,0.10902,0.31984,0.44072,0.28948,0.30871
KIRC,ILRA,gobp SCC (median),4,0.31684,0.04518,0.07189,0.26515,0.36858,0.3365,0.29715
KIRC,ILRA,hallmark SCC (median),4,0.30072,0.05009,0.0797,0.22899,0.34093,0.32804,0.30491
KIRC,ILRA,kegg SCC (median),4,0.33958,0.05982,0.09518,0.26258,0.39518,0.37753,0.32303
KIRC,MOSBY,gobp SCC (median),4,0.26261,0.04814,0.0766,0.20505,0.26198,0.26051,0.32289
KIRC,MOSBY,hallmark SCC (median),4,0.25738,0.06093,0.09695,0.19328,0.22419,0.28159,0.33045
KIRC,MOSBY,kegg SCC (median),4,0.29304,0.0417,0.06636,0.2359,0.28884,0.31855,0.32887
KIRC,MambaMIL,gobp SCC (median),4,0.3257,0.05629,0.08956,0.31373,0.34948,0.38584,0.25374
KIRC,MambaMIL,hallmark SCC (median),4,0.30844,0.05661,0.09008,0.29007,0.33305,0.37108,0.23954
KIRC,MambaMIL,kegg SCC (median),4,0.34543,0.06521,0.10376,0.32364,0.38137,0.41214,0.26456
KIRC,Max,gobp SCC (median),4,0.2841,0.06016,0.09573,0.249,0.37404,0.26076,0.25261
KIRC,Max,hallmark SCC (median),4,0.2811,0.05164,0.08216,0.27526,0.35501,0.23743,0.25671
KIRC,Max,kegg SCC (median),4,0.30924,0.05281,0.08403,0.27291,0.38765,0.28571,0.29069
KIRC,Mean,gobp SCC (median),4,0.37918,0.06411,0.10202,0.30384,0.4157,0.3508,0.44637
KIRC,Mean,hallmark SCC (median),4,0.36657,0.06149,0.09784,0.31306,0.38396,0.32329,0.44596
KIRC,Mean,kegg SCC (median),4,0.41549,0.05778,0.09195,0.33861,0.43937,0.40932,0.47464
KIRC,MoSPR (ours),gobp SCC (median),4,0.41471,0.04197,0.06678,0.38942,0.4686,0.3746,0.4262
KIRC,MoSPR (ours),hallmark SCC (median),4,0.4021,0.03738,0.05948,0.41254,0.43247,0.34759,0.41583
KIRC,MoSPR (ours),kegg SCC (median),4,0.44729,0.04275,0.06802,0.40258,0.50238,0.42806,0.45612
KIRC,S4MIL,gobp SCC (median),4,0.32932,0.07471,0.11888,0.28705,0.42436,0.25533,0.35052
KIRC,S4MIL,hallmark SCC (median),4,0.30083,0.05912,0.09408,0.25662,0.3787,0.25316,0.31484
KIRC,S4MIL,kegg SCC (median),4,0.34326,0.06975,0.11098,0.30497,0.43154,0.27307,0.36348
KIRC,SEQUOIA VIS,gobp SCC (median),4,0.38778,0.05471,0.08706,0.31567,0.44536,0.38165,0.40843
KIRC,SEQUOIA VIS,hallmark SCC (median),4,0.38394,0.03915,0.06229,0.3315,0.4245,0.38178,0.39799
KIRC,SEQUOIA VIS,kegg SCC (median),4,0.42031,0.05635,0.08966,0.33953,0.47042,0.43859,0.43272
KIRC,SRMambaMIL,gobp SCC (median),4,0.31518,0.03638,0.05789,0.3015,0.27166,0.35502,0.33255
KIRC,SRMambaMIL,hallmark SCC (median),4,0.30576,0.03312,0.05271,0.33822,0.25968,0.31584,0.30931
KIRC,SRMambaMIL,kegg SCC (median),4,0.33816,0.04034,0.06418,0.33037,0.29581,0.39298,0.33351
KIRC,tRNAformer,gobp SCC (median),4,0.36826,0.04752,0.07562,0.31215,0.39671,0.3472,0.41698
KIRC,tRNAformer,hallmark SCC (median),4,0.36736,0.03623,0.05765,0.34966,0.36953,0.33329,0.41695
KIRC,tRNAformer,kegg SCC (median),4,0.40413,0.04119,0.06555,0.34455,0.43478,0.40902,0.42818
LUAD,2DMamba,gobp SCC (median),4,0.4429,0.0189,0.03008,0.46489,0.44208,0.41883,0.44579
LUAD,2DMamba,hallmark SCC (median),4,0.50099,0.03121,0.04966,0.5323,0.50524,0.4578,0.50862
LUAD,2DMamba,kegg SCC (median),4,0.45677,0.02294,0.03651,0.47852,0.45405,0.42583,0.46867
LUAD,AbMIL,gobp SCC (median),4,0.46452,0.03639,0.05791,0.4184,0.45856,0.50565,0.47546
LUAD,AbMIL,hallmark SCC (median),4,0.51924,0.02796,0.04449,0.48618,0.51759,0.55458,0.51862
LUAD,AbMIL,kegg SCC (median),4,0.47375,0.0312,0.04965,0.43886,0.46299,0.51309,0.48007
LUAD,AbReg,gobp SCC (median),4,0.4431,0.03267,0.05199,0.43061,0.40844,0.44752,0.48583
LUAD,AbReg,hallmark SCC (median),4,0.5074,0.02056,0.03271,0.51016,0.48128,0.50671,0.53143
LUAD,AbReg,kegg SCC (median),4,0.4623,0.02009,0.03196,0.44585,0.44658,0.46903,0.48774
LUAD,CPNN,gobp SCC (median),4,0.38007,0.04579,0.07285,0.37589,0.32436,0.38381,0.43623
LUAD,CPNN,hallmark SCC (median),4,0.42728,0.03742,0.05955,0.44729,0.37946,0.41746,0.46493
LUAD,CPNN,kegg SCC (median),4,0.38775,0.04012,0.06384,0.38545,0.34547,0.37807,0.442
LUAD,HE2RNA,gobp SCC (median),4,0.34866,0.04692,0.07465,0.29894,0.4075,0.36182,0.32637
LUAD,HE2RNA,hallmark SCC (median),4,0.38809,0.02997,0.04769,0.35885,0.42282,0.40292,0.36776
LUAD,HE2RNA,kegg SCC (median),4,0.36521,0.04785,0.07614,0.30931,0.42573,0.36887,0.35692
LUAD,ILRA,gobp SCC (median),4,0.41764,0.02396,0.03813,0.38854,0.44641,0.42271,0.41289
LUAD,ILRA,hallmark SCC (median),4,0.46277,0.02864,0.04557,0.44991,0.5042,0.45768,0.43926
LUAD,ILRA,kegg SCC (median),4,0.43042,0.02232,0.03551,0.41361,0.46274,0.42746,0.41786
LUAD,MOSBY,gobp SCC (median),4,0.31232,0.04628,0.07364,0.24999,0.35914,0.30942,0.33072
LUAD,MOSBY,hallmark SCC (median),4,0.34818,0.03708,0.059,0.30275,0.38802,0.33588,0.36609
LUAD,MOSBY,kegg SCC (median),4,0.32374,0.0349,0.05554,0.27755,0.36191,0.32374,0.33175
LUAD,MambaMIL,gobp SCC (median),4,0.48064,0.05033,0.08008,0.41691,0.47213,0.49612,0.53742
LUAD,MambaMIL,hallmark SCC (median),4,0.52906,0.03665,0.05832,0.4753,0.54228,0.54088,0.5578
LUAD,MambaMIL,kegg SCC (median),4,0.48737,0.0448,0.07129,0.42642,0.48463,0.50762,0.53083
LUAD,Max,gobp SCC (median),4,0.37935,0.04774,0.07596,0.32463,0.44068,0.37058,0.3815
LUAD,Max,hallmark SCC (median),4,0.42022,0.0454,0.07224,0.37252,0.47715,0.39794,0.43326
LUAD,Max,kegg SCC (median),4,0.38821,0.04777,0.07601,0.32906,0.44435,0.37994,0.39948
LUAD,Mean,gobp SCC (median),4,0.44567,0.0521,0.08291,0.42674,0.39015,0.45184,0.51397
LUAD,Mean,hallmark SCC (median),4,0.49845,0.04405,0.0701,0.50378,0.45336,0.47978,0.55686
LUAD,Mean,kegg SCC (median),4,0.45204,0.05656,0.09,0.43605,0.39531,0.44669,0.53012
LUAD,MoSPR (ours),gobp SCC (median),4,0.48156,0.02819,0.04486,0.45919,0.50076,0.45565,0.51062
LUAD,MoSPR (ours),hallmark SCC (median),4,0.52805,0.02375,0.03778,0.52694,0.54956,0.49527,0.54042
LUAD,MoSPR (ours),kegg SCC (median),4,0.49058,0.0264,0.04202,0.47594,0.50333,0.46226,0.52079
LUAD,S4MIL,gobp SCC (median),4,0.42769,0.03524,0.05608,0.37935,0.44249,0.46189,0.42701
LUAD,S4MIL,hallmark SCC (median),4,0.48072,0.02814,0.04478,0.46259,0.50504,0.50443,0.45082
LUAD,S4MIL,kegg SCC (median),4,0.43609,0.03108,0.04945,0.39169,0.44647,0.46405,0.44215
LUAD,SEQUOIA VIS,gobp SCC (median),4,0.44094,0.04238,0.06744,0.40604,0.40778,0.45555,0.4944
LUAD,SEQUOIA VIS,hallmark SCC (median),4,0.48768,0.02903,0.0462,0.49202,0.45725,0.47578,0.52566
LUAD,SEQUOIA VIS,kegg SCC (median),4,0.44951,0.04263,0.06783,0.43065,0.40775,0.4523,0.50733
LUAD,SRMambaMIL,gobp SCC (median),4,0.45548,0.05432,0.08643,0.3935,0.4371,0.46883,0.52251
LUAD,SRMambaMIL,hallmark SCC (median),4,0.51363,0.04383,0.06974,0.46067,0.50642,0.5203,0.56711
LUAD,SRMambaMIL,kegg SCC (median),4,0.47171,0.04923,0.07834,0.41754,0.45039,0.48672,0.53218
LUAD,tRNAformer,gobp SCC (median),4,0.41504,0.03868,0.06155,0.38204,0.38108,0.45015,0.44688
LUAD,tRNAformer,hallmark SCC (median),4,0.46674,0.02624,0.04175,0.44845,0.44036,0.48476,0.49339
LUAD,tRNAformer,kegg SCC (median),4,0.42395,0.03503,0.05574,0.39614,0.39169,0.44842,0.45956
