cohort,method,model,fold,n_sets,scc,collection
BRCA,ssgsea,AbMIL,0,50,0.560616683505847,
BRCA,ssgsea,HE2RNA,0,50,0.4690565196409251,
BRCA,ssgsea,AbReg,0,50,0.5588613582037636,
BRCA,ssgsea,tRNAformer,0,50,0.5441221364724812,
BRCA,ssgsea,ILRA,0,50,0.350316124858006,
BRCA,ssgsea,S4MIL,0,50,0.532122841466963,
BRCA,ssgsea,MambaMIL,0,50,0.5554311241000209,
BRCA,ssgsea,SRMambaMIL,0,50,0.5532288044389775,
BRCA,ssgsea,MOSBY,0,50,0.552867506758205,
BRCA,ssgsea,SEQUOIA VIS,0,50,0.5475323423157411,
BRCA,ssgsea,2DMamba,0,50,0.5586629570415858,
BRCA,ssgsea,CPNN,0,50,0.5255757244984878,
BRCA,ssgsea,MoSPR (ours),0,50,0.5987586241529492,
BRCA,ssgsea,AbMIL,1,50,0.5554500060050149,
BRCA,ssgsea,HE2RNA,1,50,0.4712912912101004,
BRCA,ssgsea,AbReg,1,50,0.5486017397383642,
BRCA,ssgsea,tRNAformer,1,50,0.5151205109133623,
BRCA,ssgsea,ILRA,1,50,0.4674460489061026,
BRCA,ssgsea,S4MIL,1,50,0.500122020618403,
BRCA,ssgsea,MambaMIL,1,50,0.559308661168668,
BRCA,ssgsea,SRMambaMIL,1,50,0.5462441717143292,
BRCA,ssgsea,MOSBY,1,50,0.5529885945290781,
BRCA,ssgsea,SEQUOIA VIS,1,50,0.5310795076196582,
BRCA,ssgsea,2DMamba,1,50,0.5485122195212075,
BRCA,ssgsea,CPNN,1,50,0.5243189408199849,
BRCA,ssgsea,MoSPR (ours),1,50,0.5611925306876806,
BRCA,ssgsea,AbMIL,2,50,0.5257992745395774,
BRCA,ssgsea,HE2RNA,2,50,0.4231366880509284,
BRCA,ssgsea,AbReg,2,50,0.547216943575327,
BRCA,ssgsea,tRNAformer,2,50,0.5056515789081547,
BRCA,ssgsea,ILRA,2,50,0.4419358145524043,
BRCA,ssgsea,S4MIL,2,50,0.501267879552307,
BRCA,ssgsea,MambaMIL,2,50,0.4896527665225991,
BRCA,ssgsea,SRMambaMIL,2,50,0.5447552283422138,
BRCA,ssgsea,MOSBY,2,50,0.5506835309544588,
BRCA,ssgsea,SEQUOIA VIS,2,50,0.525428205607962,
BRCA,ssgsea,2DMamba,2,50,0.5039476599917163,
BRCA,ssgsea,CPNN,2,50,0.5357796571680649,
BRCA,ssgsea,MoSPR (ours),2,50,0.5972954695066093,
BRCA,ssgsea,AbMIL,3,50,0.5879618193362356,
BRCA,ssgsea,HE2RNA,3,50,0.4244482895293108,
BRCA,ssgsea,AbReg,3,50,0.5548360911301937,
BRCA,ssgsea,tRNAformer,3,50,0.5536781218890481,
BRCA,ssgsea,ILRA,3,50,0.4989936302620117,
BRCA,ssgsea,S4MIL,3,50,0.5454276828316531,
BRCA,ssgsea,MambaMIL,3,50,0.5823108755917948,
BRCA,ssgsea,SRMambaMIL,3,50,0.5759781471673264,
BRCA,ssgsea,MOSBY,3,50,0.5701105890118914,
BRCA,ssgsea,SEQUOIA VIS,3,50,0.5505589967517539,
BRCA,ssgsea,2DMamba,3,50,0.5490077560926816,
BRCA,ssgsea,CPNN,3,50,0.5463293250197888,
BRCA,ssgsea,MoSPR (ours),3,50,0.6006144873682522,
BRCA,gsva,AbMIL,0,50,0.5162895304880263,
BRCA,gsva,HE2RNA,0,50,0.4339142054971824,
BRCA,gsva,AbReg,0,50,0.5097516386577128,
BRCA,gsva,tRNAformer,0,50,0.4918470413946498,
BRCA,gsva,ILRA,0,50,0.265867146606797,
BRCA,gsva,S4MIL,0,50,0.4415534695789621,
BRCA,gsva,MambaMIL,0,50,0.5123655087258314,
BRCA,gsva,SRMambaMIL,0,50,0.5011328712549207,
BRCA,gsva,MOSBY,0,50,0.4993811267630448,
BRCA,gsva,SEQUOIA VIS,0,50,0.4978393148560492,
BRCA,gsva,2DMamba,0,50,0.5078427633585936,
BRCA,gsva,CPNN,0,50,0.5224825720878425,
BRCA,gsva,MoSPR (ours),0,50,0.5610830992083058,
BRCA,gsva,AbMIL,1,50,0.5365449141250104,
BRCA,gsva,HE2RNA,1,50,0.4461756811596367,
BRCA,gsva,AbReg,1,50,0.510971567479431,
BRCA,gsva,tRNAformer,1,50,0.490720212916735,
BRCA,gsva,ILRA,1,50,0.420839517570768,
BRCA,gsva,S4MIL,1,50,0.456322539834739,
BRCA,gsva,MambaMIL,1,50,0.5317853517725615,
BRCA,gsva,SRMambaMIL,1,50,0.5184026558785262,
BRCA,gsva,MOSBY,1,50,0.5052513773323,
BRCA,gsva,SEQUOIA VIS,1,50,0.4807064510797511,
BRCA,gsva,2DMamba,1,50,0.491511935786436,
BRCA,gsva,CPNN,1,50,0.4931982539109775,
BRCA,gsva,MoSPR (ours),1,50,0.5263019805321054,
BRCA,gsva,AbMIL,2,50,0.483117789876918,
BRCA,gsva,HE2RNA,2,50,0.3804469493197868,
BRCA,gsva,AbReg,2,50,0.4945157480755301,
BRCA,gsva,tRNAformer,2,50,0.4646609037590501,
BRCA,gsva,ILRA,2,50,0.416013548334216,
BRCA,gsva,S4MIL,2,50,0.4745406595820716,
BRCA,gsva,MambaMIL,2,50,0.4786215681463214,
BRCA,gsva,SRMambaMIL,2,50,0.5210108223697056,
BRCA,gsva,MOSBY,2,50,0.4843068612717839,
BRCA,gsva,SEQUOIA VIS,2,50,0.4695518034847883,
BRCA,gsva,2DMamba,2,50,0.4717085430258231,
BRCA,gsva,CPNN,2,50,0.5225221058937746,
BRCA,gsva,MoSPR (ours),2,50,0.5421413590673014,
BRCA,gsva,AbMIL,3,50,0.5464817505841353,
BRCA,gsva,HE2RNA,3,50,0.3980775042776414,
BRCA,gsva,AbReg,3,50,0.5294174914292253,
BRCA,gsva,tRNAformer,3,50,0.5045688813436275,
BRCA,gsva,ILRA,3,50,0.4570151036025782,
BRCA,gsva,S4MIL,3,50,0.4983603084671555,
BRCA,gsva,MambaMIL,3,50,0.530125526838721,
BRCA,gsva,SRMambaMIL,3,50,0.5303767750792697,
BRCA,gsva,MOSBY,3,50,0.5435813203352291,
BRCA,gsva,SEQUOIA VIS,3,50,0.5257103254756444,
BRCA,gsva,2DMamba,3,50,0.4939284632849291,
BRCA,gsva,CPNN,3,50,0.5019829091337324,
BRCA,gsva,MoSPR (ours),3,50,0.585783131171419,
BRCA,ssgsea,Max,0,50,0.4326315471424964,hallmark
BRCA,ssgsea,Mean,0,50,0.5480238843813511,hallmark
BRCA,ssgsea,Max,1,50,0.4368728615760585,hallmark
BRCA,ssgsea,Mean,1,50,0.5367568494458993,hallmark
BRCA,ssgsea,Max,2,50,0.4362130139686921,hallmark
BRCA,ssgsea,Mean,2,50,0.5230001742572574,hallmark
BRCA,ssgsea,Max,3,50,0.404786064824236,hallmark
BRCA,ssgsea,Mean,3,50,0.5567434605666632,hallmark
BRCA,gsva,Max,0,50,0.3871229695229761,hallmark
BRCA,gsva,Mean,0,50,0.494034612972974,hallmark
BRCA,gsva,Max,1,50,0.3812375335591541,hallmark
BRCA,gsva,Mean,1,50,0.4955380999665992,hallmark
BRCA,gsva,Max,2,50,0.395577506531039,hallmark
BRCA,gsva,Mean,2,50,0.4870901210256199,hallmark
BRCA,gsva,Max,3,50,0.4081484834355736,hallmark
BRCA,gsva,Mean,3,50,0.5470989792744458,hallmark
