cohort,collection,method,model,fold,n_sets,scc
LUAD,kegg,ssgsea,AbMIL,0,179,0.4112000187335955
LUAD,kegg,ssgsea,HE2RNA,0,179,0.3938999647744087
LUAD,kegg,ssgsea,AbReg,0,179,0.3939435148717116
LUAD,kegg,ssgsea,tRNAformer,0,179,0.426867388432673
LUAD,kegg,ssgsea,ILRA,0,179,0.3615324659259287
LUAD,kegg,ssgsea,S4MIL,0,179,0.4120292481373417
LUAD,kegg,ssgsea,MambaMIL,0,179,0.4221755320314119
LUAD,kegg,ssgsea,SRMambaMIL,0,179,0.4002325044332428
LUAD,kegg,ssgsea,MOSBY,0,179,0.4030579280929528
LUAD,kegg,ssgsea,SEQUOIA VIS,0,179,0.4110622582217191
LUAD,kegg,ssgsea,2DMamba,0,179,0.3961272411793263
LUAD,kegg,ssgsea,CPNN,0,179,0.4159638661120307
LUAD,kegg,ssgsea,MoSPR (ours),0,179,0.4330061745973842
LUAD,kegg,ssgsea,AbMIL,1,179,0.4411207263712317
LUAD,kegg,ssgsea,HE2RNA,1,179,0.3699041592359868
LUAD,kegg,ssgsea,AbReg,1,179,0.4208771223122833
LUAD,kegg,ssgsea,tRNAformer,1,179,0.4548789469811681
LUAD,kegg,ssgsea,ILRA,1,179,0.4220787446807997
LUAD,kegg,ssgsea,S4MIL,1,179,0.4278424436895489
LUAD,kegg,ssgsea,MambaMIL,1,179,0.4314455332472157
LUAD,kegg,ssgsea,SRMambaMIL,1,179,0.435637879927905
LUAD,kegg,ssgsea,MOSBY,1,179,0.4292431514208965
LUAD,kegg,ssgsea,SEQUOIA VIS,1,179,0.4185325366553704
LUAD,kegg,ssgsea,2DMamba,1,179,0.4174802283089773
LUAD,kegg,ssgsea,CPNN,1,179,0.4216325801623121
LUAD,kegg,ssgsea,MoSPR (ours),1,179,0.4905961053565888
LUAD,kegg,ssgsea,AbMIL,2,179,0.4335685034535166
LUAD,kegg,ssgsea,HE2RNA,2,179,0.3989436020898322
LUAD,kegg,ssgsea,AbReg,2,179,0.4121605769904778
LUAD,kegg,ssgsea,tRNAformer,2,179,0.4357104515074845
LUAD,kegg,ssgsea,ILRA,2,179,0.3949867752283115
LUAD,kegg,ssgsea,S4MIL,2,179,0.442476696542695
LUAD,kegg,ssgsea,MambaMIL,2,179,0.4566366618521621
LUAD,kegg,ssgsea,SRMambaMIL,2,179,0.4417425682885135
LUAD,kegg,ssgsea,MOSBY,2,179,0.4479897686500653
LUAD,kegg,ssgsea,SEQUOIA VIS,2,179,0.4503476890596822
LUAD,kegg,ssgsea,2DMamba,2,179,0.3635987928739843
LUAD,kegg,ssgsea,CPNN,2,179,0.4257872772242683
LUAD,kegg,ssgsea,MoSPR (ours),2,179,0.4847148456367897
LUAD,kegg,ssgsea,AbMIL,3,179,0.4856507897792681
LUAD,kegg,ssgsea,HE2RNA,3,179,0.4105906025225927
LUAD,kegg,ssgsea,AbReg,3,179,0.4551959676518454
LUAD,kegg,ssgsea,tRNAformer,3,179,0.4550325184952831
LUAD,kegg,ssgsea,ILRA,3,179,0.3806387703410551
LUAD,kegg,ssgsea,S4MIL,3,179,0.4309702741540731
LUAD,kegg,ssgsea,MambaMIL,3,179,0.4401712877243121
LUAD,kegg,ssgsea,SRMambaMIL,3,179,0.457412013122585
LUAD,kegg,ssgsea,MOSBY,3,179,0.4702025868990955
LUAD,kegg,ssgsea,SEQUOIA VIS,3,179,0.4809992615723488
LUAD,kegg,ssgsea,2DMamba,3,179,0.4323410797875624
LUAD,kegg,ssgsea,CPNN,3,179,0.4638136212489394
LUAD,kegg,ssgsea,MoSPR (ours),3,179,0.4809179885110747
LUAD,kegg,gsva,AbMIL,0,179,0.4294368441735417
LUAD,kegg,gsva,HE2RNA,0,179,0.3650760218023878
LUAD,kegg,gsva,AbReg,0,179,0.4035778629280991
LUAD,kegg,gsva,tRNAformer,0,179,0.412517186982633
LUAD,kegg,gsva,ILRA,0,179,0.3742873117706905
LUAD,kegg,gsva,S4MIL,0,179,0.3826373763453918
LUAD,kegg,gsva,MambaMIL,0,179,0.4233531622135811
LUAD,kegg,gsva,SRMambaMIL,0,179,0.4047572706652603
LUAD,kegg,gsva,MOSBY,0,179,0.4043884280044299
LUAD,kegg,gsva,SEQUOIA VIS,0,179,0.409386912641803
LUAD,kegg,gsva,2DMamba,0,179,0.3758266743937222
LUAD,kegg,gsva,CPNN,0,179,0.4306926867753568
LUAD,kegg,gsva,MoSPR (ours),0,179,0.4295719383529301
LUAD,kegg,gsva,AbMIL,1,179,0.4169762934843111
LUAD,kegg,gsva,HE2RNA,1,179,0.3652967551247523
LUAD,kegg,gsva,AbReg,1,179,0.4137144931200691
LUAD,kegg,gsva,tRNAformer,1,179,0.424762841983255
LUAD,kegg,gsva,ILRA,1,179,0.3937739609750734
LUAD,kegg,gsva,S4MIL,1,179,0.4033113941382018
LUAD,kegg,gsva,MambaMIL,1,179,0.4086795887431124
LUAD,kegg,gsva,SRMambaMIL,1,179,0.4279855362940838
LUAD,kegg,gsva,MOSBY,1,179,0.4166865531794765
LUAD,kegg,gsva,SEQUOIA VIS,1,179,0.3939348290584325
LUAD,kegg,gsva,2DMamba,1,179,0.372938433471279
LUAD,kegg,gsva,CPNN,1,179,0.407465523539419
LUAD,kegg,gsva,MoSPR (ours),1,179,0.4662001494443056
LUAD,kegg,gsva,AbMIL,2,179,0.4396743885700142
LUAD,kegg,gsva,HE2RNA,2,179,0.3653878972028794
LUAD,kegg,gsva,AbReg,2,179,0.4070403434888558
LUAD,kegg,gsva,tRNAformer,2,179,0.4150250992219875
LUAD,kegg,gsva,ILRA,2,179,0.3774814603440995
LUAD,kegg,gsva,S4MIL,2,179,0.4178131867926502
LUAD,kegg,gsva,MambaMIL,2,179,0.4309528382573227
LUAD,kegg,gsva,SRMambaMIL,2,179,0.426446748367855
LUAD,kegg,gsva,MOSBY,2,179,0.4254504314514659
LUAD,kegg,gsva,SEQUOIA VIS,2,179,0.4538761263104093
LUAD,kegg,gsva,2DMamba,2,179,0.3373088246431257
LUAD,kegg,gsva,CPNN,2,179,0.4044628956230854
LUAD,kegg,gsva,MoSPR (ours),2,179,0.4651235755315559
LUAD,kegg,gsva,AbMIL,3,179,0.4728358340843754
LUAD,kegg,gsva,HE2RNA,3,179,0.4053837083969672
LUAD,kegg,gsva,AbReg,3,179,0.4382451161721166
LUAD,kegg,gsva,tRNAformer,3,179,0.4560692015435345
LUAD,kegg,gsva,ILRA,3,179,0.3708173724030906
LUAD,kegg,gsva,S4MIL,3,179,0.4081045498816203
LUAD,kegg,gsva,MambaMIL,3,179,0.4280968199210276
LUAD,kegg,gsva,SRMambaMIL,3,179,0.4496540479069679
LUAD,kegg,gsva,MOSBY,3,179,0.457475225503576
LUAD,kegg,gsva,SEQUOIA VIS,3,179,0.474196706343709
LUAD,kegg,gsva,2DMamba,3,179,0.4069874968061089
LUAD,kegg,gsva,CPNN,3,179,0.4647229765011948
LUAD,kegg,gsva,MoSPR (ours),3,179,0.4671819381217425
LUAD,kegg,ssgsea,Max,0,179,0.346897855677176
LUAD,kegg,ssgsea,Mean,0,179,0.4116924014663666
LUAD,kegg,ssgsea,Max,1,179,0.3778409105309953
LUAD,kegg,ssgsea,Mean,1,179,0.4211330892073519
LUAD,kegg,ssgsea,Max,2,179,0.3594739875136254
LUAD,kegg,ssgsea,Mean,2,179,0.4398663639972578
LUAD,kegg,ssgsea,Max,3,179,0.4071644914728835
LUAD,kegg,ssgsea,Mean,3,179,0.4711923121786108
LUAD,kegg,gsva,Max,0,179,0.350984454603677
LUAD,kegg,gsva,Mean,0,179,0.4293755185263193
LUAD,kegg,gsva,Max,1,179,0.3654380701814048
LUAD,kegg,gsva,Mean,1,179,0.3909974311827323
LUAD,kegg,gsva,Max,2,179,0.3295338198397602
LUAD,kegg,gsva,Mean,2,179,0.4375342180662986
LUAD,kegg,gsva,Max,3,179,0.3854239475820695
LUAD,kegg,gsva,Mean,3,179,0.4794343036258158
