cohort,fold,model,gfac_scc,gfac_share_of_setscore_R2,meanz_scc
BRCA,0,MoSPR (ours),0.5196,0.33606,0.55014
BRCA,0,Max,0.35319,0.42563,0.35744
BRCA,0,Mean,0.39329,0.15788,0.45359
BRCA,0,AbMIL,0.46687,0.29704,0.49912
BRCA,0,HE2RNA,0.29503,0.57604,0.31861
BRCA,0,AbReg,0.41759,0.39658,0.4612
BRCA,0,tRNAformer,0.35305,0.36541,0.41262
BRCA,0,ILRA,0.3075,0.5977,0.31321
BRCA,0,S4MIL,0.37685,0.5284,0.40421
BRCA,0,MambaMIL,0.41814,0.34345,0.46444
BRCA,0,SRMambaMIL,0.36774,0.45279,0.41427
BRCA,0,MOSBY,0.34898,0.57213,0.40808
BRCA,0,SEQUOIA VIS,0.37003,0.29241,0.44062
BRCA,0,2DMamba,0.43316,0.31201,0.44277
BRCA,0,CPNN,0.32079,0.09113,0.36278
BRCA,1,MoSPR (ours),0.5629,0.34013,0.54103
BRCA,1,Max,0.39378,0.47847,0.37057
BRCA,1,Mean,0.52494,0.40465,0.4936
BRCA,1,AbMIL,0.59995,0.46935,0.54261
BRCA,1,HE2RNA,0.34469,0.45925,0.37093
BRCA,1,AbReg,0.51113,0.42656,0.51301
BRCA,1,tRNAformer,0.3713,0.40029,0.4197
BRCA,1,ILRA,0.41275,0.44357,0.43668
BRCA,1,S4MIL,0.50904,0.38335,0.45988
BRCA,1,MambaMIL,0.52877,0.40642,0.54833
BRCA,1,SRMambaMIL,0.48055,0.40605,0.51537
BRCA,1,MOSBY,0.38467,0.65529,0.43475
BRCA,1,SEQUOIA VIS,0.44816,0.30211,0.45848
BRCA,1,2DMamba,0.50663,0.40684,0.48819
BRCA,1,CPNN,0.36637,0.12084,0.38946
BRCA,2,MoSPR (ours),0.55887,0.45492,0.54864
BRCA,2,Max,0.31011,0.42272,0.35054
BRCA,2,Mean,0.46623,0.44717,0.44898
BRCA,2,AbMIL,0.46444,0.42233,0.45452
BRCA,2,HE2RNA,0.36904,0.65056,0.31498
BRCA,2,AbReg,0.44739,0.39945,0.47909
BRCA,2,tRNAformer,0.37626,0.56752,0.39989
BRCA,2,ILRA,0.40142,0.51541,0.37874
BRCA,2,S4MIL,0.3847,0.49206,0.4287
BRCA,2,MambaMIL,0.443,0.44104,0.44854
BRCA,2,SRMambaMIL,0.50794,0.42791,0.48644
BRCA,2,MOSBY,0.38059,0.62233,0.39551
BRCA,2,SEQUOIA VIS,0.43699,0.45899,0.44216
BRCA,2,2DMamba,0.46204,0.47919,0.47506
BRCA,2,CPNN,0.38287,0.09654,0.43264
BRCA,3,MoSPR (ours),0.56541,0.32415,0.56304
BRCA,3,Max,0.34832,0.41014,0.3459
BRCA,3,Mean,0.48422,0.30506,0.47995
BRCA,3,AbMIL,0.47751,0.48119,0.50201
BRCA,3,HE2RNA,0.30291,0.50022,0.32707
BRCA,3,AbReg,0.46151,0.41314,0.47006
BRCA,3,tRNAformer,0.29941,0.40859,0.41647
BRCA,3,ILRA,0.39489,0.43478,0.41185
BRCA,3,S4MIL,0.40725,0.34368,0.44148
BRCA,3,MambaMIL,0.49108,0.4591,0.45326
BRCA,3,SRMambaMIL,0.44344,0.38031,0.43464
BRCA,3,MOSBY,0.28617,0.73349,0.36085
BRCA,3,SEQUOIA VIS,0.38715,0.34274,0.43368
BRCA,3,2DMamba,0.40949,0.41475,0.43434
BRCA,3,CPNN,0.31144,0.14897,0.37917
KIRC,0,MoSPR (ours),0.38805,0.47738,0.41254
KIRC,0,Max,0.25883,0.56698,0.27526
KIRC,0,Mean,0.25564,0.50862,0.31306
KIRC,0,AbMIL,0.30416,0.46166,0.3412
KIRC,0,HE2RNA,0.31865,0.74716,0.28882
KIRC,0,AbReg,0.23827,0.56434,0.29433
KIRC,0,tRNAformer,0.29217,0.51264,0.34966
KIRC,0,ILRA,0.32566,0.66237,0.22899
KIRC,0,S4MIL,0.31477,0.46448,0.25662
KIRC,0,MambaMIL,0.30599,0.60551,0.29007
KIRC,0,SRMambaMIL,0.23057,0.61397,0.33822
KIRC,0,MOSBY,0.19477,0.83398,0.19328
KIRC,0,SEQUOIA VIS,0.27864,0.53398,0.3315
KIRC,0,2DMamba,0.35783,0.57125,0.38437
KIRC,0,CPNN,0.26499,0.06988,0.32782
KIRC,1,MoSPR (ours),0.51381,0.46321,0.43247
KIRC,1,Max,0.38131,0.68328,0.35501
KIRC,1,Mean,0.42512,0.44157,0.38396
KIRC,1,AbMIL,0.46574,0.5775,0.38514
KIRC,1,HE2RNA,0.44115,0.77511,0.37474
KIRC,1,AbReg,0.4168,0.46522,0.42499
KIRC,1,tRNAformer,0.40188,0.5325,0.36953
KIRC,1,ILRA,0.43497,0.51697,0.34093
KIRC,1,S4MIL,0.47004,0.49566,0.3787
KIRC,1,MambaMIL,0.28115,0.50493,0.33305
KIRC,1,SRMambaMIL,0.21309,0.56399,0.25968
KIRC,1,MOSBY,0.24441,0.79919,0.22419
KIRC,1,SEQUOIA VIS,0.46959,0.39731,0.4245
KIRC,1,2DMamba,0.4235,0.46906,0.44448
KIRC,1,CPNN,0.1922,0.07202,0.22038
KIRC,2,MoSPR (ours),0.32299,0.47566,0.34759
KIRC,2,Max,0.21001,0.61536,0.23743
KIRC,2,Mean,0.29586,0.54079,0.32329
KIRC,2,AbMIL,0.35519,0.60284,0.34927
KIRC,2,HE2RNA,0.21977,0.73364,0.24416
KIRC,2,AbReg,0.3981,0.57657,0.3971
KIRC,2,tRNAformer,0.25729,0.55379,0.33329
KIRC,2,ILRA,0.30072,0.53875,0.32804
KIRC,2,S4MIL,0.2127,0.60247,0.25316
KIRC,2,MambaMIL,0.38615,0.52993,0.37108
KIRC,2,SRMambaMIL,0.30305,0.48216,0.31584
KIRC,2,MOSBY,0.21926,0.75645,0.28159
KIRC,2,SEQUOIA VIS,0.30427,0.49761,0.38178
KIRC,2,2DMamba,0.24678,0.45846,0.32784
KIRC,2,CPNN,0.10297,0.0785,0.28518
KIRC,3,MoSPR (ours),0.4102,0.47161,0.41583
KIRC,3,Max,0.18969,0.48573,0.25671
KIRC,3,Mean,0.49112,0.38172,0.44596
KIRC,3,AbMIL,0.46056,0.55258,0.43736
KIRC,3,HE2RNA,0.21232,0.58143,0.28847
KIRC,3,AbReg,0.36707,0.41363,0.47252
KIRC,3,tRNAformer,0.37101,0.50709,0.41695
KIRC,3,ILRA,0.27722,0.92266,0.30491
KIRC,3,S4MIL,0.34788,0.61169,0.31484
KIRC,3,MambaMIL,0.18405,0.64683,0.23954
KIRC,3,SRMambaMIL,0.2907,0.6001,0.30931
KIRC,3,MOSBY,0.28108,0.77598,0.33045
KIRC,3,SEQUOIA VIS,0.38718,0.42193,0.39799
KIRC,3,2DMamba,0.42024,0.37032,0.36911
KIRC,3,CPNN,0.25775,0.06551,0.29635
LUAD,0,MoSPR (ours),0.52937,0.50227,0.52694
LUAD,0,Max,0.36055,0.66524,0.37252
LUAD,0,Mean,0.4601,0.58122,0.50378
LUAD,0,AbMIL,0.4198,0.6223,0.48618
LUAD,0,HE2RNA,0.30114,0.61003,0.35885
LUAD,0,AbReg,0.40247,0.65536,0.51016
LUAD,0,tRNAformer,0.37744,0.64818,0.44845
LUAD,0,ILRA,0.45724,0.62695,0.44991
LUAD,0,S4MIL,0.41668,0.61862,0.46259
LUAD,0,MambaMIL,0.439,0.64442,0.4753
LUAD,0,SRMambaMIL,0.4053,0.58084,0.46067
LUAD,0,MOSBY,0.23223,0.85278,0.30275
LUAD,0,SEQUOIA VIS,0.45973,0.6525,0.49202
LUAD,0,2DMamba,0.51997,0.63443,0.5323
LUAD,0,CPNN,0.40549,0.18696,0.44729
LUAD,1,MoSPR (ours),0.52587,0.51622,0.54956
LUAD,1,Max,0.48685,0.68091,0.47715
LUAD,1,Mean,0.3406,0.62132,0.45336
LUAD,1,AbMIL,0.44544,0.61988,0.51759
LUAD,1,HE2RNA,0.44267,0.55195,0.42282
LUAD,1,AbReg,0.45534,0.60697,0.48128
LUAD,1,tRNAformer,0.37661,0.57716,0.44036
LUAD,1,ILRA,0.46248,0.58669,0.5042
LUAD,1,S4MIL,0.45798,0.63296,0.50504
LUAD,1,MambaMIL,0.50846,0.71044,0.54228
LUAD,1,SRMambaMIL,0.42734,0.71526,0.50642
LUAD,1,MOSBY,0.39576,0.79071,0.38802
LUAD,1,SEQUOIA VIS,0.39689,0.58539,0.45725
LUAD,1,2DMamba,0.44438,0.72915,0.50524
LUAD,1,CPNN,0.30481,0.14129,0.37946
LUAD,2,MoSPR (ours),0.47546,0.50349,0.49527
LUAD,2,Max,0.40164,0.53935,0.39794
LUAD,2,Mean,0.51427,0.51634,0.47978
LUAD,2,AbMIL,0.56443,0.57126,0.55458
LUAD,2,HE2RNA,0.34501,0.65971,0.40292
LUAD,2,AbReg,0.51935,0.6426,0.50671
LUAD,2,tRNAformer,0.49483,0.53385,0.48476
LUAD,2,ILRA,0.48675,0.58279,0.45768
LUAD,2,S4MIL,0.52144,0.5581,0.50443
LUAD,2,MambaMIL,0.55125,0.54493,0.54088
LUAD,2,SRMambaMIL,0.54225,0.62162,0.5203
LUAD,2,MOSBY,0.29409,0.79218,0.33588
LUAD,2,SEQUOIA VIS,0.50772,0.54371,0.47578
LUAD,2,2DMamba,0.46235,0.60738,0.4578
LUAD,2,CPNN,0.38756,0.14741,0.41746
LUAD,3,MoSPR (ours),0.53049,0.56262,0.54042
LUAD,3,Max,0.36312,0.61486,0.43326
LUAD,3,Mean,0.5433,0.49692,0.55686
LUAD,3,AbMIL,0.47673,0.57843,0.51862
LUAD,3,HE2RNA,0.30202,0.60424,0.36776
LUAD,3,AbReg,0.50048,0.59774,0.53143
LUAD,3,tRNAformer,0.42345,0.54847,0.49339
LUAD,3,ILRA,0.4357,0.6379,0.43926
LUAD,3,S4MIL,0.44088,0.55351,0.45082
LUAD,3,MambaMIL,0.59696,0.59609,0.5578
LUAD,3,SRMambaMIL,0.58031,0.55992,0.56711
LUAD,3,MOSBY,0.29203,0.8353,0.36609
LUAD,3,SEQUOIA VIS,0.51388,0.53899,0.52566
LUAD,3,2DMamba,0.4821,0.64407,0.50862
LUAD,3,CPNN,0.43881,0.16557,0.46493
