cohort,method,model,mean,ci,n
BRCA,gsva,2DMamba,0.49125,0.02368,4
BRCA,gsva,AbMIL,0.52061,0.04451,4
BRCA,gsva,AbReg,0.51116,0.02273,4
BRCA,gsva,CPNN,0.51005,0.02359,4
BRCA,gsva,HE2RNA,0.41465,0.04869,4
BRCA,gsva,ILRA,0.38993,0.13479,4
BRCA,gsva,MOSBY,0.50813,0.04014,4
BRCA,gsva,MambaMIL,0.51322,0.03928,4
BRCA,gsva,Max,0.39302,0.01858,4
BRCA,gsva,Mean,0.50594,0.04405,4
BRCA,gsva,MoSPR (ours),0.55383,0.04076,4
BRCA,gsva,S4MIL,0.46769,0.03898,4
BRCA,gsva,SEQUOIA VIS,0.49345,0.03891,4
BRCA,gsva,SRMambaMIL,0.51773,0.01942,4
BRCA,gsva,tRNAformer,0.48795,0.02665,4
BRCA,meanz,2DMamba,0.46009,0.04085,4
BRCA,meanz,AbMIL,0.49957,0.05728,4
BRCA,meanz,AbReg,0.48084,0.03605,4
BRCA,meanz,CPNN,0.39101,0.0475,4
BRCA,meanz,HE2RNA,0.3329,0.04114,4
BRCA,meanz,ILRA,0.38512,0.08513,4
BRCA,meanz,MOSBY,0.3998,0.04883,4
BRCA,meanz,MambaMIL,0.47864,0.07468,4
BRCA,meanz,Max,0.35611,0.01709,4
BRCA,meanz,Mean,0.46903,0.03392,4
BRCA,meanz,MoSPR (ours),0.55071,0.01453,4
BRCA,meanz,S4MIL,0.43357,0.03722,4
BRCA,meanz,SEQUOIA VIS,0.44374,0.01671,4
BRCA,meanz,SRMambaMIL,0.46268,0.0739,4
BRCA,meanz,tRNAformer,0.41217,0.01382,4
BRCA,ssgsea,2DMamba,0.54003,0.03899,4
BRCA,ssgsea,AbMIL,0.55746,0.04053,4
BRCA,ssgsea,AbReg,0.55238,0.00867,4
BRCA,ssgsea,CPNN,0.533,0.01633,4
BRCA,ssgsea,HE2RNA,0.44698,0.04264,4
BRCA,ssgsea,ILRA,0.43967,0.10181,4
BRCA,ssgsea,MOSBY,0.55666,0.01437,4
BRCA,ssgsea,MambaMIL,0.54668,0.06337,4
BRCA,ssgsea,Max,0.42763,0.02441,4
BRCA,ssgsea,Mean,0.54113,0.02323,4
BRCA,ssgsea,MoSPR (ours),0.58947,0.03007,4
BRCA,ssgsea,S4MIL,0.51974,0.03604,4
BRCA,ssgsea,SEQUOIA VIS,0.53865,0.01955,4
BRCA,ssgsea,SRMambaMIL,0.55505,0.02296,4
BRCA,ssgsea,tRNAformer,0.52964,0.03645,4
KIRC,gsva,2DMamba,0.36879,0.04713,4
KIRC,gsva,AbMIL,0.40228,0.07495,4
KIRC,gsva,AbReg,0.40731,0.07317,4
KIRC,gsva,CPNN,0.40898,0.01352,4
KIRC,gsva,HE2RNA,0.34386,0.10184,4
KIRC,gsva,ILRA,0.31394,0.09415,4
KIRC,gsva,MOSBY,0.40745,0.02495,4
KIRC,gsva,MambaMIL,0.38113,0.07218,4
KIRC,gsva,Max,0.31979,0.05139,4
KIRC,gsva,Mean,0.4167,0.07647,4
KIRC,gsva,MoSPR (ours),0.4337,0.0677,4
KIRC,gsva,S4MIL,0.37751,0.04727,4
KIRC,gsva,SEQUOIA VIS,0.42311,0.03651,4
KIRC,gsva,SRMambaMIL,0.39576,0.06524,4
KIRC,gsva,tRNAformer,0.41215,0.02606,4
KIRC,meanz,2DMamba,0.38145,0.07691,4
KIRC,meanz,AbMIL,0.37824,0.06969,4
KIRC,meanz,AbReg,0.39723,0.11988,4
KIRC,meanz,CPNN,0.28243,0.07182,4
KIRC,meanz,HE2RNA,0.29905,0.08695,4
KIRC,meanz,ILRA,0.30072,0.0797,4
KIRC,meanz,MOSBY,0.25738,0.09695,4
KIRC,meanz,MambaMIL,0.30844,0.09008,4
KIRC,meanz,Max,0.2811,0.08216,4
KIRC,meanz,Mean,0.36657,0.09784,4
KIRC,meanz,MoSPR (ours),0.4021,0.05948,4
KIRC,meanz,S4MIL,0.30083,0.09408,4
KIRC,meanz,SEQUOIA VIS,0.38394,0.06229,4
KIRC,meanz,SRMambaMIL,0.30576,0.05271,4
KIRC,meanz,tRNAformer,0.36736,0.05765,4
KIRC,ssgsea,2DMamba,0.4533,0.0419,4
KIRC,ssgsea,AbMIL,0.47199,0.03713,4
KIRC,ssgsea,AbReg,0.4784,0.05406,4
KIRC,ssgsea,CPNN,0.45242,0.03131,4
KIRC,ssgsea,HE2RNA,0.41043,0.10912,4
KIRC,ssgsea,ILRA,0.39057,0.05609,4
KIRC,ssgsea,MOSBY,0.49345,0.03855,4
KIRC,ssgsea,MambaMIL,0.45499,0.06814,4
KIRC,ssgsea,Max,0.37984,0.07034,4
KIRC,ssgsea,Mean,0.47415,0.02907,4
KIRC,ssgsea,MoSPR (ours),0.48379,0.07031,4
KIRC,ssgsea,S4MIL,0.42973,0.07583,4
KIRC,ssgsea,SEQUOIA VIS,0.475,0.06773,4
KIRC,ssgsea,SRMambaMIL,0.47454,0.05456,4
KIRC,ssgsea,tRNAformer,0.48236,0.04737,4
LUAD,gsva,2DMamba,0.45251,0.05545,4
LUAD,gsva,AbMIL,0.52655,0.07102,4
LUAD,gsva,AbReg,0.50154,0.02708,4
LUAD,gsva,CPNN,0.50045,0.0508,4
LUAD,gsva,HE2RNA,0.43608,0.04575,4
LUAD,gsva,ILRA,0.47302,0.01447,4
LUAD,gsva,MOSBY,0.51482,0.03397,4
LUAD,gsva,MambaMIL,0.51054,0.02756,4
LUAD,gsva,Max,0.41377,0.03069,4
LUAD,gsva,Mean,0.52449,0.03661,4
LUAD,gsva,MoSPR (ours),0.54191,0.01144,4
LUAD,gsva,S4MIL,0.4895,0.02691,4
LUAD,gsva,SEQUOIA VIS,0.5094,0.05097,4
LUAD,gsva,SRMambaMIL,0.50382,0.06119,4
LUAD,gsva,tRNAformer,0.50996,0.04099,4
LUAD,meanz,2DMamba,0.50099,0.04966,4
LUAD,meanz,AbMIL,0.51924,0.04449,4
LUAD,meanz,AbReg,0.5074,0.03271,4
LUAD,meanz,CPNN,0.42728,0.05955,4
LUAD,meanz,HE2RNA,0.38809,0.04769,4
LUAD,meanz,ILRA,0.46277,0.04557,4
LUAD,meanz,MOSBY,0.34818,0.059,4
LUAD,meanz,MambaMIL,0.52906,0.05832,4
LUAD,meanz,Max,0.42022,0.07224,4
LUAD,meanz,Mean,0.49845,0.0701,4
LUAD,meanz,MoSPR (ours),0.52805,0.03778,4
LUAD,meanz,S4MIL,0.48072,0.04478,4
LUAD,meanz,SEQUOIA VIS,0.48768,0.0462,4
LUAD,meanz,SRMambaMIL,0.51363,0.06974,4
LUAD,meanz,tRNAformer,0.46674,0.04175,4
LUAD,ssgsea,2DMamba,0.48881,0.03829,4
LUAD,ssgsea,AbMIL,0.54358,0.05817,4
LUAD,ssgsea,AbReg,0.51479,0.06098,4
LUAD,ssgsea,CPNN,0.51595,0.0712,4
LUAD,ssgsea,HE2RNA,0.48372,0.04942,4
LUAD,ssgsea,ILRA,0.50145,0.04335,4
LUAD,ssgsea,MOSBY,0.54829,0.07009,4
LUAD,ssgsea,MambaMIL,0.539,0.04445,4
LUAD,ssgsea,Max,0.43137,0.03152,4
LUAD,ssgsea,Mean,0.53416,0.06765,4
LUAD,ssgsea,MoSPR (ours),0.55708,0.02325,4
LUAD,ssgsea,S4MIL,0.51318,0.03011,4
LUAD,ssgsea,SEQUOIA VIS,0.5347,0.06306,4
LUAD,ssgsea,SRMambaMIL,0.51657,0.07109,4
LUAD,ssgsea,tRNAformer,0.53658,0.05737,4
