cohort,model,metric,n_fold,mean,sd,ci_half,ci_lo,ci_hi,fold0,fold1,fold2,fold3
BRCA,Max,gene PCC,4,0.2942,0.0212,0.0337,0.2605,0.3279,0.317,0.3005,0.2932,0.2662
BRCA,Mean,gene PCC,4,0.3357,0.0271,0.0431,0.2926,0.3788,0.359,0.3591,0.3144,0.3102
BRCA,AbMIL,gene PCC,4,0.3698,0.0247,0.0394,0.3305,0.4092,0.3843,0.397,0.3454,0.3527
BRCA,HE2RNA,gene PCC,4,0.3004,0.0325,0.0517,0.2486,0.3521,0.3114,0.336,0.2954,0.2585
BRCA,AbReg,gene PCC,4,0.3553,0.0161,0.0256,0.3297,0.3809,0.348,0.3788,0.3516,0.3428
BRCA,tRNAformer,gene PCC,4,0.3411,0.0234,0.0372,0.3039,0.3784,0.363,0.3522,0.3405,0.3089
BRCA,ILRA,gene PCC,4,0.2379,0.0638,0.1015,0.1363,0.3394,0.2124,0.2991,0.1601,0.2798
BRCA,S4MIL,gene PCC,4,0.3284,0.01,0.0158,0.3125,0.3442,0.3401,0.3287,0.3289,0.3158
BRCA,MambaMIL,gene PCC,4,0.363,0.0297,0.0473,0.3157,0.4102,0.3822,0.3941,0.3338,0.3417
BRCA,SRMambaMIL,gene PCC,4,0.3612,0.0219,0.0348,0.3264,0.396,0.3729,0.3806,0.3606,0.3309
BRCA,MOSBY,gene PCC,4,0.3428,0.0224,0.0356,0.3072,0.3784,0.3688,0.3532,0.3296,0.3195
BRCA,SEQUOIA VIS,gene PCC,4,0.3527,0.0334,0.0532,0.2996,0.4059,0.3793,0.3744,0.3509,0.3062
BRCA,2DMamba,gene PCC,4,0.3519,0.0318,0.0507,0.3013,0.4026,0.3892,0.3669,0.3313,0.3203
BRCA,CPNN,gene PCC,4,0.3597,0.0182,0.029,0.3307,0.3887,0.3701,0.3747,0.36,0.334
BRCA,MoSPR (ours),gene PCC,4,0.4134,0.0166,0.0265,0.3869,0.4399,0.431,0.4196,0.4115,0.3915
KIRC,Max,gene PCC,4,0.2356,0.0116,0.0185,0.2172,0.2541,0.2295,0.253,0.2289,0.2311
KIRC,Mean,gene PCC,4,0.2847,0.0094,0.015,0.2697,0.2997,0.2724,0.2834,0.2885,0.2947
KIRC,AbMIL,gene PCC,4,0.2925,0.0127,0.0203,0.2722,0.3128,0.2801,0.2882,0.2915,0.3102
KIRC,HE2RNA,gene PCC,4,0.2556,0.0322,0.0513,0.2043,0.3069,0.2189,0.2935,0.2422,0.268
KIRC,AbReg,gene PCC,4,0.2893,0.0305,0.0486,0.2407,0.3378,0.2468,0.3105,0.2873,0.3124
KIRC,tRNAformer,gene PCC,4,0.3117,0.0171,0.0272,0.2844,0.3389,0.2967,0.3251,0.297,0.3278
KIRC,ILRA,gene PCC,4,0.1908,0.1008,0.1604,0.0304,0.3512,0.226,0.2516,0.2452,0.0405
KIRC,S4MIL,gene PCC,4,0.2689,0.0366,0.0582,0.2107,0.3272,0.2334,0.3133,0.2453,0.2838
KIRC,MambaMIL,gene PCC,4,0.2895,0.0193,0.0307,0.2588,0.3202,0.2658,0.299,0.2831,0.3101
KIRC,SRMambaMIL,gene PCC,4,0.2924,0.0169,0.027,0.2655,0.3194,0.2951,0.2764,0.2832,0.3151
KIRC,MOSBY,gene PCC,4,0.2643,0.0178,0.0284,0.2359,0.2927,0.2413,0.2744,0.2596,0.2817
KIRC,SEQUOIA VIS,gene PCC,4,0.3099,0.0236,0.0376,0.2723,0.3475,0.2848,0.3414,0.3029,0.3106
KIRC,2DMamba,gene PCC,4,0.2875,0.009,0.0143,0.2731,0.3018,0.2798,0.2986,0.2805,0.2909
KIRC,CPNN,gene PCC,4,0.2927,0.0062,0.0098,0.2829,0.3025,0.2875,0.3014,0.2894,0.2924
KIRC,MoSPR (ours),gene PCC,4,0.334,0.0242,0.0385,0.2956,0.3725,0.2997,0.349,0.3346,0.3529
LUAD,Max,gene PCC,4,0.2578,0.0175,0.0279,0.2299,0.2857,0.2374,0.2803,0.2571,0.2566
LUAD,Mean,gene PCC,4,0.292,0.0103,0.0164,0.2756,0.3084,0.2859,0.2837,0.3066,0.2918
LUAD,AbMIL,gene PCC,4,0.308,0.0134,0.0213,0.2867,0.3293,0.2893,0.3074,0.3182,0.317
LUAD,HE2RNA,gene PCC,4,0.2755,0.01,0.0159,0.2597,0.2914,0.2637,0.2881,0.2749,0.2754
LUAD,AbReg,gene PCC,4,0.2963,0.0119,0.0189,0.2774,0.3153,0.282,0.2912,0.3049,0.3072
LUAD,tRNAformer,gene PCC,4,0.3161,0.0099,0.0157,0.3004,0.3318,0.3139,0.3137,0.33,0.3067
LUAD,ILRA,gene PCC,4,0.28,0.0088,0.0141,0.2659,0.2941,0.2758,0.2906,0.2833,0.2703
LUAD,S4MIL,gene PCC,4,0.2989,0.0115,0.0182,0.2807,0.3172,0.2828,0.3027,0.3098,0.3004
LUAD,MambaMIL,gene PCC,4,0.3193,0.0198,0.0315,0.2879,0.3508,0.2915,0.326,0.338,0.3218
LUAD,SRMambaMIL,gene PCC,4,0.3113,0.0225,0.0358,0.2755,0.3471,0.2778,0.3189,0.3265,0.322
LUAD,MOSBY,gene PCC,4,0.2893,0.0266,0.0424,0.2469,0.3317,0.2593,0.3223,0.2962,0.2796
LUAD,SEQUOIA VIS,gene PCC,4,0.3171,0.0148,0.0235,0.2936,0.3407,0.3186,0.3007,0.3363,0.313
LUAD,2DMamba,gene PCC,4,0.3002,0.0135,0.0214,0.2788,0.3216,0.3072,0.2949,0.2841,0.3146
LUAD,CPNN,gene PCC,4,0.3052,0.0042,0.0066,0.2985,0.3118,0.3008,0.3028,0.31,0.3071
LUAD,MoSPR (ours),gene PCC,4,0.358,0.0093,0.0148,0.3432,0.3729,0.3556,0.3717,0.3542,0.3507
BRCA,Max,gene SCC,4,0.2833,0.0089,0.0142,0.2691,0.2975,0.2739,0.2936,0.2876,0.2781
BRCA,Mean,gene SCC,4,0.3381,0.0091,0.0146,0.3235,0.3526,0.334,0.3512,0.3369,0.3303
BRCA,AbMIL,gene SCC,4,0.3633,0.0134,0.0213,0.342,0.3846,0.3592,0.3809,0.3488,0.3643
BRCA,HE2RNA,gene SCC,4,0.2928,0.0171,0.0272,0.2656,0.3199,0.2858,0.318,0.2801,0.2871
BRCA,AbReg,gene SCC,4,0.3485,0.0148,0.0236,0.3249,0.3721,0.3322,0.3668,0.3421,0.353
BRCA,tRNAformer,gene SCC,4,0.3322,0.0078,0.0124,0.3198,0.3446,0.3319,0.3408,0.3341,0.322
BRCA,ILRA,gene SCC,4,0.2707,0.0314,0.05,0.2207,0.3208,0.2248,0.2918,0.2762,0.2902
BRCA,S4MIL,gene SCC,4,0.3297,0.0088,0.014,0.3157,0.3437,0.319,0.3405,0.3287,0.3306
BRCA,MambaMIL,gene SCC,4,0.3559,0.0163,0.0259,0.33,0.3818,0.3539,0.3756,0.336,0.3581
BRCA,SRMambaMIL,gene SCC,4,0.3522,0.0092,0.0147,0.3375,0.3669,0.3439,0.3622,0.3578,0.3448
BRCA,MOSBY,gene SCC,4,0.3493,0.008,0.0128,0.3365,0.362,0.347,0.3558,0.3554,0.3389
BRCA,SEQUOIA VIS,gene SCC,4,0.3374,0.0067,0.0107,0.3268,0.3481,0.3373,0.3422,0.3421,0.328
BRCA,2DMamba,gene SCC,4,0.3476,0.0086,0.0137,0.3339,0.3613,0.3534,0.3551,0.3458,0.3362
BRCA,CPNN,gene SCC,4,0.356,0.0111,0.0177,0.3383,0.3737,0.3463,0.3656,0.3657,0.3464
BRCA,MoSPR (ours),gene SCC,4,0.4106,0.0086,0.0136,0.397,0.4242,0.4095,0.3998,0.4206,0.4124
KIRC,Max,gene SCC,4,0.2443,0.0132,0.0211,0.2233,0.2654,0.2336,0.2636,0.2388,0.2414
KIRC,Mean,gene SCC,4,0.293,0.0138,0.022,0.271,0.315,0.2732,0.3043,0.2943,0.3003
KIRC,AbMIL,gene SCC,4,0.299,0.0146,0.0232,0.2758,0.3222,0.2798,0.313,0.2963,0.307
KIRC,HE2RNA,gene SCC,4,0.2727,0.0308,0.049,0.2237,0.3217,0.2441,0.3144,0.2561,0.276
KIRC,AbReg,gene SCC,4,0.2927,0.0297,0.0473,0.2454,0.34,0.2524,0.3146,0.2882,0.3156
KIRC,tRNAformer,gene SCC,4,0.3191,0.0222,0.0353,0.2838,0.3544,0.2914,0.339,0.311,0.3349
KIRC,ILRA,gene SCC,4,0.248,0.017,0.027,0.2211,0.275,0.2278,0.2614,0.2627,0.2402
KIRC,S4MIL,gene SCC,4,0.2745,0.0336,0.0535,0.2209,0.328,0.2384,0.3156,0.2579,0.2859
KIRC,MambaMIL,gene SCC,4,0.2896,0.0212,0.0338,0.2559,0.3234,0.2682,0.3184,0.2905,0.2815
KIRC,SRMambaMIL,gene SCC,4,0.294,0.0096,0.0152,0.2787,0.3092,0.2826,0.3008,0.2895,0.3028
KIRC,MOSBY,gene SCC,4,0.2887,0.0309,0.0492,0.2395,0.3378,0.2467,0.3101,0.2843,0.3136
KIRC,SEQUOIA VIS,gene SCC,4,0.3142,0.025,0.0398,0.2743,0.354,0.2846,0.3455,0.3166,0.31
KIRC,2DMamba,gene SCC,4,0.2924,0.0164,0.0261,0.2662,0.3185,0.2769,0.3146,0.2838,0.2941
KIRC,CPNN,gene SCC,4,0.3098,0.0091,0.0145,0.2953,0.3243,0.2987,0.3206,0.3122,0.3076
KIRC,MoSPR (ours),gene SCC,4,0.3479,0.0228,0.0362,0.3116,0.3841,0.3166,0.3701,0.3569,0.3479
LUAD,Max,gene SCC,4,0.2782,0.0149,0.0237,0.2544,0.3019,0.263,0.2975,0.2708,0.2814
LUAD,Mean,gene SCC,4,0.3148,0.0117,0.0186,0.2962,0.3334,0.3102,0.3011,0.3195,0.3282
LUAD,AbMIL,gene SCC,4,0.3236,0.0177,0.0282,0.2954,0.3518,0.3008,0.3186,0.3346,0.3403
LUAD,HE2RNA,gene SCC,4,0.2969,0.0117,0.0186,0.2783,0.3156,0.2865,0.3115,0.2885,0.3013
LUAD,AbReg,gene SCC,4,0.3106,0.0099,0.0158,0.2949,0.3264,0.3015,0.3058,0.3109,0.3244
LUAD,tRNAformer,gene SCC,4,0.3363,0.0066,0.0104,0.3259,0.3468,0.3271,0.3378,0.3426,0.3378
LUAD,ILRA,gene SCC,4,0.3039,0.0085,0.0135,0.2904,0.3174,0.2938,0.3133,0.3007,0.3077
LUAD,S4MIL,gene SCC,4,0.3149,0.0097,0.0155,0.2994,0.3304,0.3004,0.3213,0.3185,0.3194
LUAD,MambaMIL,gene SCC,4,0.335,0.0178,0.0283,0.3067,0.3633,0.3087,0.3401,0.3473,0.3438
LUAD,SRMambaMIL,gene SCC,4,0.3259,0.0241,0.0383,0.2876,0.3643,0.2911,0.3296,0.3378,0.3452
LUAD,MOSBY,gene SCC,4,0.3076,0.0195,0.031,0.2767,0.3386,0.2847,0.3323,0.3066,0.3068
LUAD,SEQUOIA VIS,gene SCC,4,0.3309,0.0155,0.0247,0.3062,0.3556,0.3248,0.3126,0.3483,0.3379
LUAD,2DMamba,gene SCC,4,0.3129,0.014,0.0223,0.2906,0.3352,0.3261,0.305,0.2973,0.3232
LUAD,CPNN,gene SCC,4,0.3252,0.0089,0.0141,0.3111,0.3393,0.319,0.3221,0.3213,0.3384
LUAD,MoSPR (ours),gene SCC,4,0.3757,0.0122,0.0193,0.3563,0.395,0.3704,0.3939,0.3684,0.3701
BRCA,Max,gobp SCC (median),4,0.3372,0.0193,0.0307,0.3065,0.3678,0.3344,0.3638,0.3327,0.3178
BRCA,Mean,gobp SCC (median),4,0.4482,0.0304,0.0483,0.3999,0.4965,0.4101,0.4838,0.4449,0.454
BRCA,AbMIL,gobp SCC (median),4,0.4762,0.0343,0.0545,0.4217,0.5307,0.4586,0.5264,0.4509,0.4691
BRCA,HE2RNA,gobp SCC (median),4,0.3288,0.0289,0.046,0.2828,0.3747,0.3104,0.3693,0.3295,0.3059
BRCA,AbReg,gobp SCC (median),4,0.4535,0.0283,0.045,0.4085,0.4985,0.4191,0.4878,0.4578,0.4492
BRCA,tRNAformer,gobp SCC (median),4,0.381,0.0123,0.0196,0.3614,0.4006,0.3756,0.3928,0.3892,0.3662
BRCA,ILRA,gobp SCC (median),4,0.3583,0.0533,0.0849,0.2734,0.4431,0.2796,0.3945,0.3717,0.3874
BRCA,S4MIL,gobp SCC (median),4,0.4141,0.0284,0.0452,0.369,0.4593,0.39,0.455,0.4023,0.4093
BRCA,MambaMIL,gobp SCC (median),4,0.4576,0.0371,0.059,0.3986,0.5165,0.4362,0.5131,0.4401,0.4408
BRCA,SRMambaMIL,gobp SCC (median),4,0.4478,0.0409,0.0651,0.3827,0.5128,0.399,0.4852,0.4776,0.4292
BRCA,MOSBY,gobp SCC (median),4,0.3809,0.0263,0.0418,0.3391,0.4227,0.3782,0.4059,0.3939,0.3453
BRCA,SEQUOIA VIS,gobp SCC (median),4,0.4128,0.0167,0.0266,0.3862,0.4395,0.3989,0.4313,0.4227,0.3984
BRCA,2DMamba,gobp SCC (median),4,0.4395,0.026,0.0413,0.3981,0.4808,0.4284,0.4743,0.4419,0.4133
BRCA,CPNN,gobp SCC (median),4,0.377,0.0258,0.041,0.336,0.4179,0.3473,0.3784,0.4099,0.3723
BRCA,MoSPR (ours),gobp SCC (median),4,0.5201,0.0099,0.0157,0.5045,0.5358,0.5089,0.5149,0.5289,0.5279
KIRC,Max,gobp SCC (median),4,0.2841,0.0602,0.0957,0.1884,0.3798,0.249,0.374,0.2608,0.2526
KIRC,Mean,gobp SCC (median),4,0.3792,0.0641,0.102,0.2772,0.4812,0.3038,0.4157,0.3508,0.4464
KIRC,AbMIL,gobp SCC (median),4,0.3885,0.0492,0.0782,0.3103,0.4667,0.3235,0.4289,0.3774,0.4242
KIRC,HE2RNA,gobp SCC (median),4,0.3215,0.0746,0.1187,0.2028,0.4402,0.3094,0.4299,0.2643,0.2824
KIRC,AbReg,gobp SCC (median),4,0.3891,0.0561,0.0893,0.2997,0.4784,0.3074,0.4334,0.4,0.4154
KIRC,tRNAformer,gobp SCC (median),4,0.3683,0.0475,0.0756,0.2926,0.4439,0.3122,0.3967,0.3472,0.417
KIRC,ILRA,gobp SCC (median),4,0.3168,0.0452,0.0719,0.245,0.3887,0.2651,0.3686,0.3365,0.2972
KIRC,S4MIL,gobp SCC (median),4,0.3293,0.0747,0.1189,0.2104,0.4482,0.2871,0.4244,0.2553,0.3505
KIRC,MambaMIL,gobp SCC (median),4,0.3257,0.0563,0.0896,0.2361,0.4153,0.3137,0.3495,0.3858,0.2537
KIRC,SRMambaMIL,gobp SCC (median),4,0.3152,0.0364,0.0579,0.2573,0.3731,0.3015,0.2717,0.355,0.3326
KIRC,MOSBY,gobp SCC (median),4,0.2626,0.0481,0.0766,0.186,0.3392,0.2051,0.262,0.2605,0.3229
KIRC,SEQUOIA VIS,gobp SCC (median),4,0.3878,0.0547,0.0871,0.3007,0.4748,0.3157,0.4454,0.3817,0.4084
KIRC,2DMamba,gobp SCC (median),4,0.3704,0.0536,0.0853,0.2851,0.4556,0.3442,0.436,0.3129,0.3882
KIRC,CPNN,gobp SCC (median),4,0.2927,0.0152,0.0243,0.2685,0.317,0.3104,0.2837,0.2768,0.2999
KIRC,MoSPR (ours),gobp SCC (median),4,0.4147,0.042,0.0668,0.3479,0.4815,0.3894,0.4686,0.3746,0.4262
LUAD,Max,gobp SCC (median),4,0.3793,0.0477,0.076,0.3034,0.4553,0.3246,0.4407,0.3706,0.3815
LUAD,Mean,gobp SCC (median),4,0.4457,0.0521,0.0829,0.3628,0.5286,0.4267,0.3901,0.4518,0.514
LUAD,AbMIL,gobp SCC (median),4,0.4645,0.0364,0.0579,0.4066,0.5224,0.4184,0.4586,0.5056,0.4755
LUAD,HE2RNA,gobp SCC (median),4,0.3487,0.0469,0.0747,0.274,0.4233,0.2989,0.4075,0.3618,0.3264
LUAD,AbReg,gobp SCC (median),4,0.4431,0.0327,0.052,0.3911,0.4951,0.4306,0.4084,0.4475,0.4858
LUAD,tRNAformer,gobp SCC (median),4,0.415,0.0387,0.0615,0.3535,0.4766,0.382,0.3811,0.4501,0.4469
LUAD,ILRA,gobp SCC (median),4,0.4176,0.024,0.0381,0.3795,0.4558,0.3885,0.4464,0.4227,0.4129
LUAD,S4MIL,gobp SCC (median),4,0.4277,0.0352,0.0561,0.3716,0.4838,0.3794,0.4425,0.4619,0.427
LUAD,MambaMIL,gobp SCC (median),4,0.4806,0.0503,0.0801,0.4006,0.5607,0.4169,0.4721,0.4961,0.5374
LUAD,SRMambaMIL,gobp SCC (median),4,0.4555,0.0543,0.0864,0.3691,0.5419,0.3935,0.4371,0.4688,0.5225
LUAD,MOSBY,gobp SCC (median),4,0.3123,0.0463,0.0736,0.2387,0.386,0.25,0.3591,0.3094,0.3307
LUAD,SEQUOIA VIS,gobp SCC (median),4,0.4409,0.0424,0.0674,0.3735,0.5084,0.406,0.4078,0.4555,0.4944
LUAD,2DMamba,gobp SCC (median),4,0.4429,0.0189,0.0301,0.4128,0.473,0.4649,0.4421,0.4188,0.4458
LUAD,CPNN,gobp SCC (median),4,0.3801,0.0458,0.0729,0.3072,0.4529,0.3759,0.3244,0.3838,0.4362
LUAD,MoSPR (ours),gobp SCC (median),4,0.4816,0.0282,0.0449,0.4367,0.5264,0.4592,0.5008,0.4557,0.5106
BRCA,Max,hallmark SCC (median),4,0.3561,0.0107,0.0171,0.339,0.3732,0.3574,0.3706,0.3505,0.3459
BRCA,Mean,hallmark SCC (median),4,0.469,0.0213,0.0339,0.4351,0.503,0.4536,0.4936,0.449,0.4799
BRCA,AbMIL,hallmark SCC (median),4,0.4996,0.036,0.0573,0.4423,0.5568,0.4991,0.5426,0.4545,0.502
BRCA,HE2RNA,hallmark SCC (median),4,0.3329,0.0259,0.0411,0.2918,0.374,0.3186,0.3709,0.315,0.3271
BRCA,AbReg,hallmark SCC (median),4,0.4808,0.0227,0.036,0.4448,0.5169,0.4612,0.513,0.4791,0.4701
BRCA,tRNAformer,hallmark SCC (median),4,0.4122,0.0087,0.0138,0.3984,0.426,0.4126,0.4197,0.3999,0.4165
BRCA,ILRA,hallmark SCC (median),4,0.3851,0.0535,0.0851,0.3,0.4702,0.3132,0.4367,0.3787,0.4119
BRCA,S4MIL,hallmark SCC (median),4,0.4336,0.0234,0.0372,0.3964,0.4708,0.4042,0.4599,0.4287,0.4415
BRCA,MambaMIL,hallmark SCC (median),4,0.4786,0.0469,0.0747,0.404,0.5533,0.4644,0.5483,0.4485,0.4533
BRCA,SRMambaMIL,hallmark SCC (median),4,0.4627,0.0464,0.0739,0.3888,0.5366,0.4143,0.5154,0.4864,0.4346
BRCA,MOSBY,hallmark SCC (median),4,0.3998,0.0307,0.0488,0.351,0.4486,0.4081,0.4347,0.3955,0.3609
BRCA,SEQUOIA VIS,hallmark SCC (median),4,0.4437,0.0105,0.0167,0.427,0.4604,0.4406,0.4585,0.4422,0.4337
BRCA,2DMamba,hallmark SCC (median),4,0.4601,0.0257,0.0408,0.4192,0.5009,0.4428,0.4882,0.4751,0.4343
BRCA,CPNN,hallmark SCC (median),4,0.391,0.0298,0.0475,0.3435,0.4385,0.3628,0.3895,0.4326,0.3792
BRCA,MoSPR (ours),hallmark SCC (median),4,0.5507,0.0091,0.0145,0.5362,0.5652,0.5501,0.541,0.5486,0.563
KIRC,Max,hallmark SCC (median),4,0.2811,0.0516,0.0822,0.1989,0.3633,0.2753,0.355,0.2374,0.2567
KIRC,Mean,hallmark SCC (median),4,0.3666,0.0615,0.0978,0.2687,0.4644,0.3131,0.384,0.3233,0.446
KIRC,AbMIL,hallmark SCC (median),4,0.3782,0.0438,0.0697,0.3086,0.4479,0.3412,0.3851,0.3493,0.4374
KIRC,HE2RNA,hallmark SCC (median),4,0.299,0.0546,0.0869,0.2121,0.386,0.2888,0.3747,0.2442,0.2885
KIRC,AbReg,hallmark SCC (median),4,0.3972,0.0753,0.1199,0.2773,0.5171,0.2943,0.425,0.3971,0.4725
KIRC,tRNAformer,hallmark SCC (median),4,0.3674,0.0362,0.0576,0.3097,0.425,0.3497,0.3695,0.3333,0.4169
KIRC,ILRA,hallmark SCC (median),4,0.3007,0.0501,0.0797,0.221,0.3804,0.229,0.3409,0.328,0.3049
KIRC,S4MIL,hallmark SCC (median),4,0.3008,0.0591,0.0941,0.2067,0.3949,0.2566,0.3787,0.2532,0.3148
KIRC,MambaMIL,hallmark SCC (median),4,0.3084,0.0566,0.0901,0.2184,0.3985,0.2901,0.3331,0.3711,0.2395
KIRC,SRMambaMIL,hallmark SCC (median),4,0.3058,0.0331,0.0527,0.2531,0.3585,0.3382,0.2597,0.3158,0.3093
KIRC,MOSBY,hallmark SCC (median),4,0.2574,0.0609,0.0969,0.1604,0.3543,0.1933,0.2242,0.2816,0.3304
KIRC,SEQUOIA VIS,hallmark SCC (median),4,0.3839,0.0391,0.0623,0.3216,0.4462,0.3315,0.4245,0.3818,0.398
KIRC,2DMamba,hallmark SCC (median),4,0.3814,0.0483,0.0769,0.3045,0.4584,0.3844,0.4445,0.3278,0.3691
KIRC,CPNN,hallmark SCC (median),4,0.2824,0.0451,0.0718,0.2106,0.3543,0.3278,0.2204,0.2852,0.2964
KIRC,MoSPR (ours),hallmark SCC (median),4,0.4021,0.0374,0.0595,0.3426,0.4616,0.4125,0.4325,0.3476,0.4158
LUAD,Max,hallmark SCC (median),4,0.4202,0.0454,0.0722,0.348,0.4925,0.3725,0.4771,0.3979,0.4333
LUAD,Mean,hallmark SCC (median),4,0.4984,0.0441,0.0701,0.4283,0.5685,0.5038,0.4534,0.4798,0.5569
LUAD,AbMIL,hallmark SCC (median),4,0.5192,0.028,0.0445,0.4748,0.5637,0.4862,0.5176,0.5546,0.5186
LUAD,HE2RNA,hallmark SCC (median),4,0.3881,0.03,0.0477,0.3404,0.4358,0.3589,0.4228,0.4029,0.3678
LUAD,AbReg,hallmark SCC (median),4,0.5074,0.0206,0.0327,0.4747,0.5401,0.5102,0.4813,0.5067,0.5314
LUAD,tRNAformer,hallmark SCC (median),4,0.4667,0.0262,0.0417,0.425,0.5085,0.4485,0.4404,0.4848,0.4934
LUAD,ILRA,hallmark SCC (median),4,0.4628,0.0286,0.0456,0.4172,0.5083,0.4499,0.5042,0.4577,0.4393
LUAD,S4MIL,hallmark SCC (median),4,0.4807,0.0281,0.0448,0.4359,0.5255,0.4626,0.505,0.5044,0.4508
LUAD,MambaMIL,hallmark SCC (median),4,0.5291,0.0367,0.0583,0.4707,0.5874,0.4753,0.5423,0.5409,0.5578
LUAD,SRMambaMIL,hallmark SCC (median),4,0.5136,0.0438,0.0697,0.4439,0.5834,0.4607,0.5064,0.5203,0.5671
LUAD,MOSBY,hallmark SCC (median),4,0.3482,0.0371,0.059,0.2892,0.4072,0.3027,0.388,0.3359,0.3661
LUAD,SEQUOIA VIS,hallmark SCC (median),4,0.4877,0.029,0.0462,0.4415,0.5339,0.492,0.4573,0.4758,0.5257
LUAD,2DMamba,hallmark SCC (median),4,0.501,0.0312,0.0497,0.4513,0.5507,0.5323,0.5052,0.4578,0.5086
LUAD,CPNN,hallmark SCC (median),4,0.4273,0.0374,0.0595,0.3677,0.4868,0.4473,0.3795,0.4175,0.4649
LUAD,MoSPR (ours),hallmark SCC (median),4,0.528,0.0237,0.0378,0.4903,0.5658,0.5269,0.5496,0.4953,0.5404
BRCA,Max,kegg SCC (median),4,0.3205,0.0225,0.0359,0.2846,0.3564,0.3174,0.3533,0.306,0.3053
BRCA,Mean,kegg SCC (median),4,0.4147,0.0371,0.0591,0.3557,0.4738,0.3738,0.464,0.4104,0.4108
BRCA,AbMIL,kegg SCC (median),4,0.446,0.0413,0.0658,0.3802,0.5118,0.4179,0.5065,0.4212,0.4384
BRCA,HE2RNA,kegg SCC (median),4,0.3004,0.0287,0.0456,0.2548,0.3461,0.275,0.3416,0.2926,0.2925
BRCA,AbReg,kegg SCC (median),4,0.425,0.0356,0.0567,0.3683,0.4817,0.3809,0.468,0.4276,0.4236
BRCA,tRNAformer,kegg SCC (median),4,0.345,0.0135,0.0215,0.3235,0.3665,0.3366,0.3529,0.3596,0.3308
BRCA,ILRA,kegg SCC (median),4,0.3295,0.0626,0.0996,0.2299,0.4291,0.2405,0.3799,0.3324,0.3654
BRCA,S4MIL,kegg SCC (median),4,0.3827,0.0265,0.0422,0.3405,0.4249,0.3658,0.421,0.3639,0.3801
BRCA,MambaMIL,kegg SCC (median),4,0.4232,0.0452,0.0719,0.3513,0.4952,0.3944,0.4905,0.4087,0.3994
BRCA,SRMambaMIL,kegg SCC (median),4,0.4107,0.0468,0.0745,0.3362,0.4852,0.3544,0.4527,0.4457,0.3902
BRCA,MOSBY,kegg SCC (median),4,0.354,0.0376,0.0599,0.2941,0.4139,0.3509,0.3905,0.3716,0.303
BRCA,SEQUOIA VIS,kegg SCC (median),4,0.3849,0.0197,0.0313,0.3535,0.4162,0.3625,0.3976,0.4047,0.3746
BRCA,2DMamba,kegg SCC (median),4,0.4082,0.0234,0.0372,0.3711,0.4454,0.3903,0.44,0.4116,0.391
BRCA,CPNN,kegg SCC (median),4,0.3272,0.0179,0.0284,0.2988,0.3556,0.3094,0.3239,0.352,0.3236
BRCA,MoSPR (ours),kegg SCC (median),4,0.4857,0.0109,0.0173,0.4684,0.5031,0.4793,0.4784,0.5017,0.4834
KIRC,Max,kegg SCC (median),4,0.3092,0.0528,0.084,0.2252,0.3933,0.2729,0.3876,0.2857,0.2907
KIRC,Mean,kegg SCC (median),4,0.4155,0.0578,0.0919,0.3235,0.5074,0.3386,0.4394,0.4093,0.4746
KIRC,AbMIL,kegg SCC (median),4,0.4178,0.0432,0.0687,0.3491,0.4865,0.3611,0.4655,0.4169,0.4279
KIRC,HE2RNA,kegg SCC (median),4,0.3397,0.0685,0.109,0.2307,0.4487,0.3198,0.4407,0.2895,0.3087
KIRC,AbReg,kegg SCC (median),4,0.4203,0.0612,0.0974,0.3229,0.5178,0.3299,0.4652,0.4465,0.4398
KIRC,tRNAformer,kegg SCC (median),4,0.4041,0.0412,0.0655,0.3386,0.4697,0.3446,0.4348,0.409,0.4282
KIRC,ILRA,kegg SCC (median),4,0.3396,0.0598,0.0952,0.2444,0.4348,0.2626,0.3952,0.3775,0.323
KIRC,S4MIL,kegg SCC (median),4,0.3433,0.0697,0.111,0.2323,0.4542,0.305,0.4315,0.2731,0.3635
KIRC,MambaMIL,kegg SCC (median),4,0.3454,0.0652,0.1038,0.2417,0.4492,0.3236,0.3814,0.4121,0.2646
KIRC,SRMambaMIL,kegg SCC (median),4,0.3382,0.0403,0.0642,0.274,0.4023,0.3304,0.2958,0.393,0.3335
KIRC,MOSBY,kegg SCC (median),4,0.293,0.0417,0.0664,0.2267,0.3594,0.2359,0.2888,0.3186,0.3289
KIRC,SEQUOIA VIS,kegg SCC (median),4,0.4203,0.0563,0.0897,0.3307,0.51,0.3395,0.4704,0.4386,0.4327
KIRC,2DMamba,kegg SCC (median),4,0.3885,0.0423,0.0673,0.3212,0.4558,0.355,0.4399,0.3527,0.4063
KIRC,CPNN,kegg SCC (median),4,0.3485,0.019,0.0302,0.3184,0.3787,0.3767,0.3353,0.3406,0.3415
KIRC,MoSPR (ours),kegg SCC (median),4,0.4473,0.0427,0.068,0.3793,0.5153,0.4026,0.5024,0.4281,0.4561
LUAD,Max,kegg SCC (median),4,0.3882,0.0478,0.076,0.3122,0.4642,0.3291,0.4444,0.3799,0.3995
LUAD,Mean,kegg SCC (median),4,0.452,0.0566,0.09,0.362,0.542,0.4361,0.3953,0.4467,0.5301
LUAD,AbMIL,kegg SCC (median),4,0.4738,0.0312,0.0497,0.4241,0.5234,0.4389,0.463,0.5131,0.4801
LUAD,HE2RNA,kegg SCC (median),4,0.3652,0.0479,0.0761,0.2891,0.4413,0.3093,0.4257,0.3689,0.3569
LUAD,AbReg,kegg SCC (median),4,0.4623,0.0201,0.032,0.4303,0.4943,0.4459,0.4466,0.469,0.4877
LUAD,tRNAformer,kegg SCC (median),4,0.424,0.035,0.0557,0.3682,0.4797,0.3961,0.3917,0.4484,0.4596
LUAD,ILRA,kegg SCC (median),4,0.4304,0.0223,0.0355,0.3949,0.4659,0.4136,0.4627,0.4275,0.4179
LUAD,S4MIL,kegg SCC (median),4,0.4361,0.0311,0.0495,0.3866,0.4855,0.3917,0.4465,0.4641,0.4422
LUAD,MambaMIL,kegg SCC (median),4,0.4874,0.0448,0.0713,0.4161,0.5587,0.4264,0.4846,0.5076,0.5308
LUAD,SRMambaMIL,kegg SCC (median),4,0.4717,0.0492,0.0783,0.3934,0.55,0.4175,0.4504,0.4867,0.5322
LUAD,MOSBY,kegg SCC (median),4,0.3237,0.0349,0.0555,0.2682,0.3793,0.2775,0.3619,0.3237,0.3318
LUAD,SEQUOIA VIS,kegg SCC (median),4,0.4495,0.0426,0.0678,0.3817,0.5173,0.4306,0.4077,0.4523,0.5073
LUAD,2DMamba,kegg SCC (median),4,0.4568,0.0229,0.0365,0.4203,0.4933,0.4785,0.454,0.4258,0.4687
LUAD,CPNN,kegg SCC (median),4,0.3877,0.0401,0.0638,0.3239,0.4516,0.3855,0.3455,0.3781,0.442
LUAD,MoSPR (ours),kegg SCC (median),4,0.4906,0.0264,0.042,0.4486,0.5326,0.4759,0.5033,0.4623,0.5208
