cohort,model,metric,fold,value
BRCA,CPNN,gene PCC,0,0.3701025952727893
BRCA,CPNN,gene SCC,0,0.3462976664651319
BRCA,CPNN,gene PCC,1,0.3747051574287594
BRCA,CPNN,gene SCC,1,0.365567679871386
BRCA,CPNN,gene PCC,2,0.3600145403582744
BRCA,CPNN,gene SCC,2,0.3657201937157411
BRCA,CPNN,gene PCC,3,0.3339663660346574
BRCA,CPNN,gene SCC,3,0.3464031496767443
BRCA,AbMIL,gene PCC,0,0.3842563331127167
BRCA,AbMIL,gene SCC,0,0.3591724979893206
BRCA,AbMIL,gene PCC,1,0.3970135450363159
BRCA,AbMIL,gene SCC,1,0.3808910585030397
BRCA,AbMIL,gene PCC,2,0.3454338312149048
BRCA,AbMIL,gene SCC,2,0.3487725642259626
BRCA,AbMIL,gene PCC,3,0.3526586890220642
BRCA,AbMIL,gene SCC,3,0.3643046205392689
BRCA,Mean,gene PCC,0,0.35904660820961
BRCA,Mean,gene SCC,0,0.333976941527948
BRCA,Mean,gene PCC,1,0.3591490089893341
BRCA,Mean,gene SCC,1,0.3511900130651524
BRCA,Mean,gene PCC,2,0.3144113421440124
BRCA,Mean,gene SCC,2,0.3369097499102164
BRCA,Mean,gene PCC,3,0.3102233707904815
BRCA,Mean,gene SCC,3,0.3302817618157971
BRCA,Max,gene PCC,0,0.3170492053031921
BRCA,Max,gene SCC,0,0.2739036730685877
BRCA,Max,gene PCC,1,0.300525814294815
BRCA,Max,gene SCC,1,0.2935565025667334
BRCA,Max,gene PCC,2,0.2931784689426422
BRCA,Max,gene SCC,2,0.2876159804636906
BRCA,Max,gene PCC,3,0.2662287354469299
BRCA,Max,gene SCC,3,0.2780755752246475
BRCA,ILRA,gene PCC,0,0.2123536318540573
BRCA,ILRA,gene SCC,0,0.2247663376170456
BRCA,ILRA,gene PCC,1,0.2991424798965454
BRCA,ILRA,gene SCC,1,0.2918466659084734
BRCA,ILRA,gene PCC,2,0.1601090282201767
BRCA,ILRA,gene SCC,2,0.276212168001767
BRCA,ILRA,gene PCC,3,0.2798015475273132
BRCA,ILRA,gene SCC,3,0.2901623698147197
BRCA,S4MIL,gene PCC,0,0.340129017829895
BRCA,S4MIL,gene SCC,0,0.3190252305142226
BRCA,S4MIL,gene PCC,1,0.3287452757358551
BRCA,S4MIL,gene SCC,1,0.3405068913805157
BRCA,S4MIL,gene PCC,2,0.3288685083389282
BRCA,S4MIL,gene SCC,2,0.3287387345507954
BRCA,S4MIL,gene PCC,3,0.3157646059989929
BRCA,S4MIL,gene SCC,3,0.3306248588765986
BRCA,MambaMIL,gene PCC,0,0.3822404146194458
BRCA,MambaMIL,gene SCC,0,0.3539053844355147
BRCA,MambaMIL,gene PCC,1,0.3941438496112823
BRCA,MambaMIL,gene SCC,1,0.375564676480641
BRCA,MambaMIL,gene PCC,2,0.3337716460227966
BRCA,MambaMIL,gene SCC,2,0.3359537001828835
BRCA,MambaMIL,gene PCC,3,0.3417116701602936
BRCA,MambaMIL,gene SCC,3,0.3580972121942774
BRCA,SRMambaMIL,gene PCC,0,0.3729262948036194
BRCA,SRMambaMIL,gene SCC,0,0.3438995474188164
BRCA,SRMambaMIL,gene PCC,1,0.3805891871452331
BRCA,SRMambaMIL,gene SCC,1,0.3622347150101698
BRCA,SRMambaMIL,gene PCC,2,0.3606001436710357
BRCA,SRMambaMIL,gene SCC,2,0.3578318395473956
BRCA,SRMambaMIL,gene PCC,3,0.3308501243591308
BRCA,SRMambaMIL,gene SCC,3,0.3447933274705925
BRCA,2DMamba,gene PCC,0,0.3892362713813782
BRCA,2DMamba,gene SCC,0,0.353389803510917
BRCA,2DMamba,gene PCC,1,0.3669206202030182
BRCA,2DMamba,gene SCC,1,0.3550536742811629
BRCA,2DMamba,gene PCC,2,0.3313228487968445
BRCA,2DMamba,gene SCC,2,0.3457804393658416
BRCA,2DMamba,gene PCC,3,0.3202964961528778
BRCA,2DMamba,gene SCC,3,0.3362086708932975
BRCA,AbReg,gene PCC,0,0.3480260372161865
BRCA,AbReg,gene SCC,0,0.3322150148580429
BRCA,AbReg,gene PCC,1,0.3787814974784851
BRCA,AbReg,gene SCC,1,0.3667654570347789
BRCA,AbReg,gene PCC,2,0.3515936434268951
BRCA,AbReg,gene SCC,2,0.3421298954689499
BRCA,AbReg,gene PCC,3,0.3428068459033966
BRCA,AbReg,gene SCC,3,0.3529958334680307
BRCA,HE2RNA,gene PCC,0,0.3114300370216369
BRCA,HE2RNA,gene SCC,0,0.285829952707976
BRCA,HE2RNA,gene PCC,1,0.3360383510589599
BRCA,HE2RNA,gene SCC,1,0.3179602645533592
BRCA,HE2RNA,gene PCC,2,0.2954155504703522
BRCA,HE2RNA,gene SCC,2,0.2801487122315915
BRCA,HE2RNA,gene PCC,3,0.2585232555866241
BRCA,HE2RNA,gene SCC,3,0.2870644415474843
BRCA,MOSBY,gene PCC,0,0.3688066005706787
BRCA,MOSBY,gene SCC,0,0.3470419678004718
BRCA,MOSBY,gene PCC,1,0.3532439172267914
BRCA,MOSBY,gene SCC,1,0.3557682200229748
BRCA,MOSBY,gene PCC,2,0.3296176493167877
BRCA,MOSBY,gene SCC,2,0.3554153934596616
BRCA,MOSBY,gene PCC,3,0.3195172846317291
BRCA,MOSBY,gene SCC,3,0.3388503751450423
BRCA,SEQUOIA VIS,gene PCC,0,0.3793486952781677
BRCA,SEQUOIA VIS,gene SCC,0,0.337327342717324
BRCA,SEQUOIA VIS,gene PCC,1,0.3744480013847351
BRCA,SEQUOIA VIS,gene SCC,1,0.3422032221990958
BRCA,SEQUOIA VIS,gene PCC,2,0.3509298861026764
BRCA,SEQUOIA VIS,gene SCC,2,0.3421359939779598
BRCA,SEQUOIA VIS,gene PCC,3,0.3061804473400116
BRCA,SEQUOIA VIS,gene SCC,3,0.3279654429601624
BRCA,tRNAformer,gene PCC,0,0.3630026578903198
BRCA,tRNAformer,gene SCC,0,0.3318925501404105
BRCA,tRNAformer,gene PCC,1,0.3522206246852875
BRCA,tRNAformer,gene SCC,1,0.3408399292210197
BRCA,tRNAformer,gene PCC,2,0.3404584527015686
BRCA,tRNAformer,gene SCC,2,0.3340894182068497
BRCA,tRNAformer,gene PCC,3,0.3088679611682892
BRCA,tRNAformer,gene SCC,3,0.3220185295974769
BRCA,MoSPR (ours),gene PCC,0,0.4310330027827487
BRCA,MoSPR (ours),gene SCC,0,0.4094827319572798
BRCA,MoSPR (ours),gene PCC,1,0.4195879097266209
BRCA,MoSPR (ours),gene SCC,1,0.3998493604044533
BRCA,MoSPR (ours),gene PCC,2,0.4114511769681892
BRCA,MoSPR (ours),gene SCC,2,0.4205950536022586
BRCA,MoSPR (ours),gene PCC,3,0.3915477819007393
BRCA,MoSPR (ours),gene SCC,3,0.4123860786954786
KIRC,CPNN,gene PCC,0,0.2874752034021847
KIRC,CPNN,gene SCC,0,0.2987330650463093
KIRC,CPNN,gene PCC,1,0.3013851127271363
KIRC,CPNN,gene SCC,1,0.3205859171418039
KIRC,CPNN,gene PCC,2,0.2894269269839195
KIRC,CPNN,gene SCC,2,0.3122110784442561
KIRC,CPNN,gene PCC,3,0.2923990731367322
KIRC,CPNN,gene SCC,3,0.3075631789422396
KIRC,AbMIL,gene PCC,0,0.2801032960414886
KIRC,AbMIL,gene SCC,0,0.2797640877174883
KIRC,AbMIL,gene PCC,1,0.2882457971572876
KIRC,AbMIL,gene SCC,1,0.3130138200597597
KIRC,AbMIL,gene PCC,2,0.291492223739624
KIRC,AbMIL,gene SCC,2,0.2962570419040869
KIRC,AbMIL,gene PCC,3,0.3102429211139679
KIRC,AbMIL,gene SCC,3,0.3069641929539453
KIRC,Mean,gene PCC,0,0.2724343538284302
KIRC,Mean,gene SCC,0,0.2731771029398863
KIRC,Mean,gene PCC,1,0.2833581566810608
KIRC,Mean,gene SCC,1,0.3042612765816085
KIRC,Mean,gene PCC,2,0.2884590029716491
KIRC,Mean,gene SCC,2,0.2942632399946162
KIRC,Mean,gene PCC,3,0.2946908473968506
KIRC,Mean,gene SCC,3,0.3002553903439166
KIRC,Max,gene PCC,0,0.2295361757278442
KIRC,Max,gene SCC,0,0.2336134536149248
KIRC,Max,gene PCC,1,0.2530077993869781
KIRC,Max,gene SCC,1,0.2635983823303021
KIRC,Max,gene PCC,2,0.2289321720600128
KIRC,Max,gene SCC,2,0.2388018254573387
KIRC,Max,gene PCC,3,0.2310664057731628
KIRC,Max,gene SCC,3,0.2413774695272718
KIRC,ILRA,gene PCC,0,0.2259548008441925
KIRC,ILRA,gene SCC,0,0.2278414206304796
KIRC,ILRA,gene PCC,1,0.2515616416931152
KIRC,ILRA,gene SCC,1,0.2614173397288382
KIRC,ILRA,gene PCC,2,0.2452417612075805
KIRC,ILRA,gene SCC,2,0.2627016232563244
KIRC,ILRA,gene PCC,3,0.0405130051076412
KIRC,ILRA,gene SCC,3,0.2402281418352993
KIRC,S4MIL,gene PCC,0,0.2333622276782989
KIRC,S4MIL,gene SCC,0,0.2384259517655681
KIRC,S4MIL,gene PCC,1,0.3133458793163299
KIRC,S4MIL,gene SCC,1,0.3156000961295426
KIRC,S4MIL,gene PCC,2,0.2452946901321411
KIRC,S4MIL,gene SCC,2,0.2578904792888791
KIRC,S4MIL,gene PCC,3,0.2837892770767212
KIRC,S4MIL,gene SCC,3,0.2859137485869618
KIRC,MambaMIL,gene PCC,0,0.2658242285251617
KIRC,MambaMIL,gene SCC,0,0.2681903339939363
KIRC,MambaMIL,gene PCC,1,0.2989782691001892
KIRC,MambaMIL,gene SCC,1,0.3183991835998427
KIRC,MambaMIL,gene PCC,2,0.2830884158611297
KIRC,MambaMIL,gene SCC,2,0.2904661269759318
KIRC,MambaMIL,gene PCC,3,0.3101161122322082
KIRC,MambaMIL,gene SCC,3,0.2815420440879954
KIRC,SRMambaMIL,gene PCC,0,0.2950565814971924
KIRC,SRMambaMIL,gene SCC,0,0.2826190985220899
KIRC,SRMambaMIL,gene PCC,1,0.2763912081718445
KIRC,SRMambaMIL,gene SCC,1,0.3008471078608475
KIRC,SRMambaMIL,gene PCC,2,0.2832357585430145
KIRC,SRMambaMIL,gene SCC,2,0.289490724985297
KIRC,SRMambaMIL,gene PCC,3,0.3150582015514374
KIRC,SRMambaMIL,gene SCC,3,0.3028452066388852
KIRC,2DMamba,gene PCC,0,0.279835432767868
KIRC,2DMamba,gene SCC,0,0.2769297620303936
KIRC,2DMamba,gene PCC,1,0.2986389696598053
KIRC,2DMamba,gene SCC,1,0.3146350364754835
KIRC,2DMamba,gene PCC,2,0.2804942429065704
KIRC,2DMamba,gene SCC,2,0.2838417422258603
KIRC,2DMamba,gene PCC,3,0.2909101545810699
KIRC,2DMamba,gene SCC,3,0.2940628993152492
KIRC,AbReg,gene PCC,0,0.2467787712812423
KIRC,AbReg,gene SCC,0,0.2524444491533039
KIRC,AbReg,gene PCC,1,0.3105022013187408
KIRC,AbReg,gene SCC,1,0.3146225060043537
KIRC,AbReg,gene PCC,2,0.2873227894306183
KIRC,AbReg,gene SCC,2,0.2881652543320015
KIRC,AbReg,gene PCC,3,0.3124434351921081
KIRC,AbReg,gene SCC,3,0.3156232233516351
KIRC,HE2RNA,gene PCC,0,0.2188915014266967
KIRC,HE2RNA,gene SCC,0,0.2441024129255937
KIRC,HE2RNA,gene PCC,1,0.2935105562210083
KIRC,HE2RNA,gene SCC,1,0.3144296919895845
KIRC,HE2RNA,gene PCC,2,0.242154061794281
KIRC,HE2RNA,gene SCC,2,0.2561307658281
KIRC,HE2RNA,gene PCC,3,0.2679848968982696
KIRC,HE2RNA,gene SCC,3,0.275979879409382
KIRC,MOSBY,gene PCC,0,0.241329938173294
KIRC,MOSBY,gene SCC,0,0.2466720072836754
KIRC,MOSBY,gene PCC,1,0.2744485139846802
KIRC,MOSBY,gene SCC,1,0.31011346364275
KIRC,MOSBY,gene PCC,2,0.2595794796943664
KIRC,MOSBY,gene SCC,2,0.284260122637767
KIRC,MOSBY,gene PCC,3,0.2817038297653198
KIRC,MOSBY,gene SCC,3,0.3136194901096635
KIRC,SEQUOIA VIS,gene PCC,0,0.2847543954849243
KIRC,SEQUOIA VIS,gene SCC,0,0.2845798981956925
KIRC,SEQUOIA VIS,gene PCC,1,0.3413548767566681
KIRC,SEQUOIA VIS,gene SCC,1,0.3454817346039288
KIRC,SEQUOIA VIS,gene PCC,2,0.3028776347637176
KIRC,SEQUOIA VIS,gene SCC,2,0.316607706559271
KIRC,SEQUOIA VIS,gene PCC,3,0.3106100857257843
KIRC,SEQUOIA VIS,gene SCC,3,0.3100122672176833
KIRC,tRNAformer,gene PCC,0,0.2967343330383301
KIRC,tRNAformer,gene SCC,0,0.2914233249687692
KIRC,tRNAformer,gene PCC,1,0.3250667750835418
KIRC,tRNAformer,gene SCC,1,0.339020490438341
KIRC,tRNAformer,gene PCC,2,0.2969881296157837
KIRC,tRNAformer,gene SCC,2,0.3110398022593063
KIRC,tRNAformer,gene PCC,3,0.3278189599514007
KIRC,tRNAformer,gene SCC,3,0.3348698501160604
KIRC,MoSPR (ours),gene PCC,0,0.2997435297862422
KIRC,MoSPR (ours),gene SCC,0,0.3165798847503669
KIRC,MoSPR (ours),gene PCC,1,0.3489835613412266
KIRC,MoSPR (ours),gene SCC,1,0.3701231131447912
KIRC,MoSPR (ours),gene PCC,2,0.334578170983815
KIRC,MoSPR (ours),gene SCC,2,0.3569463380417277
KIRC,MoSPR (ours),gene PCC,3,0.3528880594808561
KIRC,MoSPR (ours),gene SCC,3,0.3478959883491965
LUAD,CPNN,gene PCC,0,0.3008128558572663
LUAD,CPNN,gene SCC,0,0.3190335732049272
LUAD,CPNN,gene PCC,1,0.302766986896962
LUAD,CPNN,gene SCC,1,0.3221078798530112
LUAD,CPNN,gene PCC,2,0.3100295206811488
LUAD,CPNN,gene SCC,2,0.3212688797867404
LUAD,CPNN,gene PCC,3,0.3070685263754295
LUAD,CPNN,gene SCC,3,0.3383707762573122
LUAD,AbMIL,gene PCC,0,0.289268434047699
LUAD,AbMIL,gene SCC,0,0.3008343984811613
LUAD,AbMIL,gene PCC,1,0.3073529601097107
LUAD,AbMIL,gene SCC,1,0.3186174809626968
LUAD,AbMIL,gene PCC,2,0.3182441294193268
LUAD,AbMIL,gene SCC,2,0.3345811313433137
LUAD,AbMIL,gene PCC,3,0.3170222342014313
LUAD,AbMIL,gene SCC,3,0.3403116004848856
LUAD,Mean,gene PCC,0,0.2858763933181762
LUAD,Mean,gene SCC,0,0.3102338174712916
LUAD,Mean,gene PCC,1,0.2837019562721252
LUAD,Mean,gene SCC,1,0.3011336144061816
LUAD,Mean,gene PCC,2,0.3066047728061676
LUAD,Mean,gene SCC,2,0.3194702493959749
LUAD,Mean,gene PCC,3,0.2917991578578949
LUAD,Mean,gene SCC,3,0.3282147900802685
LUAD,Max,gene PCC,0,0.2373891174793243
LUAD,Max,gene SCC,0,0.2630288491119358
LUAD,Max,gene PCC,1,0.2802644968032837
LUAD,Max,gene SCC,1,0.2974955470660614
LUAD,Max,gene PCC,2,0.2570705115795135
LUAD,Max,gene SCC,2,0.2707967368293095
LUAD,Max,gene PCC,3,0.2565896213054657
LUAD,Max,gene SCC,3,0.281437970189636
LUAD,ILRA,gene PCC,0,0.2758409082889557
LUAD,ILRA,gene SCC,0,0.2938118465844146
LUAD,ILRA,gene PCC,1,0.2905994951725006
LUAD,ILRA,gene SCC,1,0.3133279595249739
LUAD,ILRA,gene PCC,2,0.2833313047885895
LUAD,ILRA,gene SCC,2,0.3006572903823862
LUAD,ILRA,gene PCC,3,0.2703003883361816
LUAD,ILRA,gene SCC,3,0.3077281577178497
LUAD,S4MIL,gene PCC,0,0.2828456461429596
LUAD,S4MIL,gene SCC,0,0.3004058433598057
LUAD,S4MIL,gene PCC,1,0.302703857421875
LUAD,S4MIL,gene SCC,1,0.3213047198140561
LUAD,S4MIL,gene PCC,2,0.3098017573356628
LUAD,S4MIL,gene SCC,2,0.3184553155634496
LUAD,S4MIL,gene PCC,3,0.3004110455513
LUAD,S4MIL,gene SCC,3,0.3193680305957158
LUAD,MambaMIL,gene PCC,0,0.2915152907371521
LUAD,MambaMIL,gene SCC,0,0.3086881213697286
LUAD,MambaMIL,gene PCC,1,0.3259924054145813
LUAD,MambaMIL,gene SCC,1,0.3401024088009844
LUAD,MambaMIL,gene PCC,2,0.3380378186702728
LUAD,MambaMIL,gene SCC,2,0.3473170729334178
LUAD,MambaMIL,gene PCC,3,0.321777880191803
LUAD,MambaMIL,gene SCC,3,0.3437962719199219
LUAD,SRMambaMIL,gene PCC,0,0.2778348922729492
LUAD,SRMambaMIL,gene SCC,0,0.291071030792717
LUAD,SRMambaMIL,gene PCC,1,0.3188616037368774
LUAD,SRMambaMIL,gene SCC,1,0.3295941229039381
LUAD,SRMambaMIL,gene PCC,2,0.3264674544334411
LUAD,SRMambaMIL,gene SCC,2,0.3378429752621043
LUAD,SRMambaMIL,gene PCC,3,0.3220173716545105
LUAD,SRMambaMIL,gene SCC,3,0.3452021378137174
LUAD,2DMamba,gene PCC,0,0.3071845471858978
LUAD,2DMamba,gene SCC,0,0.3261404793597198
LUAD,2DMamba,gene PCC,1,0.2948924005031585
LUAD,2DMamba,gene SCC,1,0.3049522224492158
LUAD,2DMamba,gene PCC,2,0.284099280834198
LUAD,2DMamba,gene SCC,2,0.2972733333990055
LUAD,2DMamba,gene PCC,3,0.3146277368068695
LUAD,2DMamba,gene SCC,3,0.3232297057962294
LUAD,AbReg,gene PCC,0,0.282027393579483
LUAD,AbReg,gene SCC,0,0.3015037557404998
LUAD,AbReg,gene PCC,1,0.2911617755889892
LUAD,AbReg,gene SCC,1,0.3057848593840624
LUAD,AbReg,gene PCC,2,0.3049374222755432
LUAD,AbReg,gene SCC,2,0.3109136138753353
LUAD,AbReg,gene PCC,3,0.3072239756584167
LUAD,AbReg,gene SCC,3,0.3243566778050176
LUAD,HE2RNA,gene PCC,0,0.2637030184268951
LUAD,HE2RNA,gene SCC,0,0.28647869944473
LUAD,HE2RNA,gene PCC,1,0.2880856096744537
LUAD,HE2RNA,gene SCC,1,0.3114895474648415
LUAD,HE2RNA,gene PCC,2,0.2749168574810028
LUAD,HE2RNA,gene SCC,2,0.2884638202887801
LUAD,HE2RNA,gene PCC,3,0.2753735780715942
LUAD,HE2RNA,gene SCC,3,0.3012559882961522
LUAD,MOSBY,gene PCC,0,0.2592947781085968
LUAD,MOSBY,gene SCC,0,0.2847456332197668
LUAD,MOSBY,gene PCC,1,0.3222804069519043
LUAD,MOSBY,gene SCC,1,0.332340860710678
LUAD,MOSBY,gene PCC,2,0.2961671054363251
LUAD,MOSBY,gene SCC,2,0.3066039148536194
LUAD,MOSBY,gene PCC,3,0.2795644998550415
LUAD,MOSBY,gene SCC,3,0.3067999590231264
LUAD,SEQUOIA VIS,gene PCC,0,0.3186160922050476
LUAD,SEQUOIA VIS,gene SCC,0,0.3247812156950153
LUAD,SEQUOIA VIS,gene PCC,1,0.300688087940216
LUAD,SEQUOIA VIS,gene SCC,1,0.3126346257019323
LUAD,SEQUOIA VIS,gene PCC,2,0.3362863063812256
LUAD,SEQUOIA VIS,gene SCC,2,0.3483371584950733
LUAD,SEQUOIA VIS,gene PCC,3,0.3129697740077972
LUAD,SEQUOIA VIS,gene SCC,3,0.3378942601091703
LUAD,tRNAformer,gene PCC,0,0.3139245808124542
LUAD,tRNAformer,gene SCC,0,0.3270727229726642
LUAD,tRNAformer,gene PCC,1,0.3136868178844452
LUAD,tRNAformer,gene SCC,1,0.3378330251162558
LUAD,tRNAformer,gene PCC,2,0.3300381600856781
LUAD,tRNAformer,gene SCC,2,0.3425807808402294
LUAD,tRNAformer,gene PCC,3,0.3066937029361725
LUAD,tRNAformer,gene SCC,3,0.3378203356737558
LUAD,MoSPR (ours),gene PCC,0,0.3556112148306421
LUAD,MoSPR (ours),gene SCC,0,0.3703788679856487
LUAD,MoSPR (ours),gene PCC,1,0.3716707929968658
LUAD,MoSPR (ours),gene SCC,1,0.3938514348776502
LUAD,MoSPR (ours),gene PCC,2,0.3542299747384047
LUAD,MoSPR (ours),gene SCC,2,0.3683812419016175
LUAD,MoSPR (ours),gene PCC,3,0.3506736053673513
LUAD,MoSPR (ours),gene SCC,3,0.3700637551732122
BRCA,MoSPR (ours),hallmark SCC (median),0,0.55014232811516
BRCA,Max,hallmark SCC (median),0,0.3574355038510074
BRCA,Mean,hallmark SCC (median),0,0.4535933673307321
BRCA,AbMIL,hallmark SCC (median),0,0.4991241581118789
BRCA,ILRA,hallmark SCC (median),0,0.3132061251593624
BRCA,S4MIL,hallmark SCC (median),0,0.4042054977307622
BRCA,MambaMIL,hallmark SCC (median),0,0.464436364097702
BRCA,SRMambaMIL,hallmark SCC (median),0,0.414266603346818
BRCA,2DMamba,hallmark SCC (median),0,0.4427676070061171
BRCA,AbReg,hallmark SCC (median),0,0.461200586195739
BRCA,HE2RNA,hallmark SCC (median),0,0.3186143017150414
BRCA,MOSBY,hallmark SCC (median),0,0.4080750790394625
BRCA,SEQUOIA VIS,hallmark SCC (median),0,0.4406244010593475
BRCA,tRNAformer,hallmark SCC (median),0,0.4126242859872171
BRCA,CPNN,hallmark SCC (median),0,0.3627761912380287
BRCA,MoSPR (ours),gobp SCC (median),0,0.5088833832199283
BRCA,Max,gobp SCC (median),0,0.3344088306986793
BRCA,Mean,gobp SCC (median),0,0.4100683157994038
BRCA,AbMIL,gobp SCC (median),0,0.4585621966814535
BRCA,ILRA,gobp SCC (median),0,0.2795530032200738
BRCA,S4MIL,gobp SCC (median),0,0.3899980566611509
BRCA,MambaMIL,gobp SCC (median),0,0.4362270447410726
BRCA,SRMambaMIL,gobp SCC (median),0,0.3990073751433604
BRCA,2DMamba,gobp SCC (median),0,0.428390775406179
BRCA,AbReg,gobp SCC (median),0,0.4190591840052895
BRCA,HE2RNA,gobp SCC (median),0,0.3104258991458386
BRCA,MOSBY,gobp SCC (median),0,0.3782179193786747
BRCA,SEQUOIA VIS,gobp SCC (median),0,0.3989017715880867
BRCA,tRNAformer,gobp SCC (median),0,0.375635973143932
BRCA,CPNN,gobp SCC (median),0,0.3472575060237693
BRCA,MoSPR (ours),kegg SCC (median),0,0.4793406065570242
BRCA,Max,kegg SCC (median),0,0.3174387642080898
BRCA,Mean,kegg SCC (median),0,0.3738447790480746
BRCA,AbMIL,kegg SCC (median),0,0.4178557283170587
BRCA,ILRA,kegg SCC (median),0,0.2404782311680541
BRCA,S4MIL,kegg SCC (median),0,0.3657989412784913
BRCA,MambaMIL,kegg SCC (median),0,0.3944393537690914
BRCA,SRMambaMIL,kegg SCC (median),0,0.354417427071324
BRCA,2DMamba,kegg SCC (median),0,0.3902516265772046
BRCA,AbReg,kegg SCC (median),0,0.3808608607703428
BRCA,HE2RNA,kegg SCC (median),0,0.274981765185788
BRCA,MOSBY,kegg SCC (median),0,0.3509462260711389
BRCA,SEQUOIA VIS,kegg SCC (median),0,0.362532149918629
BRCA,tRNAformer,kegg SCC (median),0,0.3366078730080074
BRCA,CPNN,kegg SCC (median),0,0.309363005431179
BRCA,MoSPR (ours),hallmark SCC (median),1,0.5410345199175184
BRCA,Max,hallmark SCC (median),1,0.3705746742831933
BRCA,Mean,hallmark SCC (median),1,0.4936033101342343
BRCA,AbMIL,hallmark SCC (median),1,0.5426100150478035
BRCA,ILRA,hallmark SCC (median),1,0.436682957332341
BRCA,S4MIL,hallmark SCC (median),1,0.4598844734108129
BRCA,MambaMIL,hallmark SCC (median),1,0.5483286879031182
BRCA,SRMambaMIL,hallmark SCC (median),1,0.5153718351298001
BRCA,2DMamba,hallmark SCC (median),1,0.4881897343173241
BRCA,AbReg,hallmark SCC (median),1,0.5130081372468276
BRCA,HE2RNA,hallmark SCC (median),1,0.3709286888097526
BRCA,MOSBY,hallmark SCC (median),1,0.4347485923416846
BRCA,SEQUOIA VIS,hallmark SCC (median),1,0.458480796405796
BRCA,tRNAformer,hallmark SCC (median),1,0.4197036122254767
BRCA,CPNN,hallmark SCC (median),1,0.3894643504783451
BRCA,MoSPR (ours),gobp SCC (median),1,0.5148935847493291
BRCA,Max,gobp SCC (median),1,0.3638241216095069
BRCA,Mean,gobp SCC (median),1,0.4837738082154116
BRCA,AbMIL,gobp SCC (median),1,0.5263554498957087
BRCA,ILRA,gobp SCC (median),1,0.3944663760630252
BRCA,S4MIL,gobp SCC (median),1,0.4550271974653998
BRCA,MambaMIL,gobp SCC (median),1,0.5130674937026779
BRCA,SRMambaMIL,gobp SCC (median),1,0.4852254316418209
BRCA,2DMamba,gobp SCC (median),1,0.4742680356784964
BRCA,AbReg,gobp SCC (median),1,0.4877979088787046
BRCA,HE2RNA,gobp SCC (median),1,0.3693105274335955
BRCA,MOSBY,gobp SCC (median),1,0.4059487549947601
BRCA,SEQUOIA VIS,gobp SCC (median),1,0.4312925050427099
BRCA,tRNAformer,gobp SCC (median),1,0.3928031814657629
BRCA,CPNN,gobp SCC (median),1,0.3783733721435211
BRCA,MoSPR (ours),kegg SCC (median),1,0.4784027165693553
BRCA,Max,kegg SCC (median),1,0.353261646360107
BRCA,Mean,kegg SCC (median),1,0.4639999757331149
BRCA,AbMIL,kegg SCC (median),1,0.5065178911571311
BRCA,ILRA,kegg SCC (median),1,0.3798576476898154
BRCA,S4MIL,kegg SCC (median),1,0.4209527682319303
BRCA,MambaMIL,kegg SCC (median),1,0.4904585104242742
BRCA,SRMambaMIL,kegg SCC (median),1,0.4526845595928363
BRCA,2DMamba,kegg SCC (median),1,0.4399539957214102
BRCA,AbReg,kegg SCC (median),1,0.468023712246372
BRCA,HE2RNA,kegg SCC (median),1,0.3416204980127233
BRCA,MOSBY,kegg SCC (median),1,0.3905231167077
BRCA,SEQUOIA VIS,kegg SCC (median),1,0.3975804657866252
BRCA,tRNAformer,kegg SCC (median),1,0.3528569542868861
BRCA,CPNN,kegg SCC (median),1,0.3238529501531716
BRCA,MoSPR (ours),hallmark SCC (median),2,0.5486385854880127
BRCA,Max,hallmark SCC (median),2,0.350541912983934
BRCA,Mean,hallmark SCC (median),2,0.4489780522596559
BRCA,AbMIL,hallmark SCC (median),2,0.4545244221295627
BRCA,ILRA,hallmark SCC (median),2,0.3787356867100666
BRCA,S4MIL,hallmark SCC (median),2,0.4286983522241991
BRCA,MambaMIL,hallmark SCC (median),2,0.4485376734294626
BRCA,SRMambaMIL,hallmark SCC (median),2,0.4864447863920139
BRCA,2DMamba,hallmark SCC (median),2,0.4750613941966056
BRCA,AbReg,hallmark SCC (median),2,0.479086466415241
BRCA,HE2RNA,hallmark SCC (median),2,0.3149812010624663
BRCA,MOSBY,hallmark SCC (median),2,0.3955057082735805
BRCA,SEQUOIA VIS,hallmark SCC (median),2,0.4421599489267019
BRCA,tRNAformer,hallmark SCC (median),2,0.3998906214630285
BRCA,CPNN,hallmark SCC (median),2,0.4326405802996131
BRCA,MoSPR (ours),gobp SCC (median),2,0.52891888758406
BRCA,Max,gobp SCC (median),2,0.3326771955879785
BRCA,Mean,gobp SCC (median),2,0.4449203886088521
BRCA,AbMIL,gobp SCC (median),2,0.4508504512798175
BRCA,ILRA,gobp SCC (median),2,0.3717236734594628
BRCA,S4MIL,gobp SCC (median),2,0.4022875179818851
BRCA,MambaMIL,gobp SCC (median),2,0.4401045037996132
BRCA,SRMambaMIL,gobp SCC (median),2,0.4776344179708675
BRCA,2DMamba,gobp SCC (median),2,0.4418760939392689
BRCA,AbReg,gobp SCC (median),2,0.4577949146905639
BRCA,HE2RNA,gobp SCC (median),2,0.3294735245666743
BRCA,MOSBY,gobp SCC (median),2,0.3939469031640595
BRCA,SEQUOIA VIS,gobp SCC (median),2,0.4227168230085804
BRCA,tRNAformer,gobp SCC (median),2,0.3892383212450883
BRCA,CPNN,gobp SCC (median),2,0.4098902433540808
BRCA,MoSPR (ours),kegg SCC (median),2,0.5017423671066691
BRCA,Max,kegg SCC (median),2,0.306027236126403
BRCA,Mean,kegg SCC (median),2,0.4103609073326019
BRCA,AbMIL,kegg SCC (median),2,0.4212386164501202
BRCA,ILRA,kegg SCC (median),2,0.3323874535075839
BRCA,S4MIL,kegg SCC (median),2,0.3638532370867182
BRCA,MambaMIL,kegg SCC (median),2,0.4086753173035283
BRCA,SRMambaMIL,kegg SCC (median),2,0.4456849217020088
BRCA,2DMamba,kegg SCC (median),2,0.4115912490698784
BRCA,AbReg,kegg SCC (median),2,0.4276187686200814
BRCA,HE2RNA,kegg SCC (median),2,0.2925686133162208
BRCA,MOSBY,kegg SCC (median),2,0.3715548292056594
BRCA,SEQUOIA VIS,kegg SCC (median),2,0.4047457737892375
BRCA,tRNAformer,kegg SCC (median),2,0.3596429945523551
BRCA,CPNN,kegg SCC (median),2,0.3519988774543888
BRCA,MoSPR (ours),hallmark SCC (median),3,0.5630395970652067
BRCA,Max,hallmark SCC (median),3,0.3458989476713531
BRCA,Mean,hallmark SCC (median),3,0.4799467985319
BRCA,AbMIL,hallmark SCC (median),3,0.5020122193887795
BRCA,ILRA,hallmark SCC (median),3,0.4118533241497144
BRCA,S4MIL,hallmark SCC (median),3,0.441481892237919
BRCA,MambaMIL,hallmark SCC (median),3,0.4532575166674552
BRCA,SRMambaMIL,hallmark SCC (median),3,0.4346428735206352
BRCA,2DMamba,hallmark SCC (median),3,0.4343371045342684
BRCA,AbReg,hallmark SCC (median),3,0.4700612266240561
BRCA,HE2RNA,hallmark SCC (median),3,0.3270668946368882
BRCA,MOSBY,hallmark SCC (median),3,0.3608534191774858
BRCA,SEQUOIA VIS,hallmark SCC (median),3,0.4336758798661317
BRCA,tRNAformer,hallmark SCC (median),3,0.4164711272966334
BRCA,CPNN,hallmark SCC (median),3,0.3791727569154193
BRCA,MoSPR (ours),gobp SCC (median),3,0.5279035157917056
BRCA,Max,gobp SCC (median),3,0.3178051599946056
BRCA,Mean,gobp SCC (median),3,0.4539666535061593
BRCA,AbMIL,gobp SCC (median),3,0.4690989446389443
BRCA,ILRA,gobp SCC (median),3,0.3873555192670065
BRCA,S4MIL,gobp SCC (median),3,0.4092738381340469
BRCA,MambaMIL,gobp SCC (median),3,0.4408497330627829
BRCA,SRMambaMIL,gobp SCC (median),3,0.4292355292027956
BRCA,2DMamba,gobp SCC (median),3,0.4133198771407595
BRCA,AbReg,gobp SCC (median),3,0.4492345464836083
BRCA,HE2RNA,gobp SCC (median),3,0.3058759473810029
BRCA,MOSBY,gobp SCC (median),3,0.3453197182887339
BRCA,SEQUOIA VIS,gobp SCC (median),3,0.3983837627881009
BRCA,tRNAformer,gobp SCC (median),3,0.3661925360749133
BRCA,CPNN,gobp SCC (median),3,0.3722924957933303
BRCA,MoSPR (ours),kegg SCC (median),3,0.4833552935984574
BRCA,Max,kegg SCC (median),3,0.3052882737077856
BRCA,Mean,kegg SCC (median),3,0.4107892823438446
BRCA,AbMIL,kegg SCC (median),3,0.4383956264053434
BRCA,ILRA,kegg SCC (median),3,0.3653670148831834
BRCA,S4MIL,kegg SCC (median),3,0.3801389550932722
BRCA,MambaMIL,kegg SCC (median),3,0.3993603021624109
BRCA,SRMambaMIL,kegg SCC (median),3,0.3901801956625763
BRCA,2DMamba,kegg SCC (median),3,0.3910473264021807
BRCA,AbReg,kegg SCC (median),3,0.4236186073827935
BRCA,HE2RNA,kegg SCC (median),3,0.2925306639484089
BRCA,MOSBY,kegg SCC (median),3,0.3030452743152981
BRCA,SEQUOIA VIS,kegg SCC (median),3,0.3745632756780752
BRCA,tRNAformer,kegg SCC (median),3,0.3308118151361142
BRCA,CPNN,kegg SCC (median),3,0.3235761595227668
KIRC,MoSPR (ours),hallmark SCC (median),0,0.4125373002195242
KIRC,Max,hallmark SCC (median),0,0.2752608792277025
KIRC,Mean,hallmark SCC (median),0,0.3130616676185845
KIRC,AbMIL,hallmark SCC (median),0,0.3412031479121235
KIRC,ILRA,hallmark SCC (median),0,0.2289948455493737
KIRC,S4MIL,hallmark SCC (median),0,0.2566184986042491
KIRC,MambaMIL,hallmark SCC (median),0,0.2900732583860458
KIRC,SRMambaMIL,hallmark SCC (median),0,0.3382197909820708
KIRC,2DMamba,hallmark SCC (median),0,0.3843682184740981
KIRC,AbReg,hallmark SCC (median),0,0.2943250820397776
KIRC,HE2RNA,hallmark SCC (median),0,0.2888203924829987
KIRC,MOSBY,hallmark SCC (median),0,0.1932797668706525
KIRC,SEQUOIA VIS,hallmark SCC (median),0,0.331497037352885
KIRC,tRNAformer,hallmark SCC (median),0,0.3496629929155053
KIRC,CPNN,hallmark SCC (median),0,0.3278230440940931
KIRC,MoSPR (ours),gobp SCC (median),0,0.3894234843903681
KIRC,Max,gobp SCC (median),0,0.2490016979465479
KIRC,Mean,gobp SCC (median),0,0.3038391824989322
KIRC,AbMIL,gobp SCC (median),0,0.3234998166843927
KIRC,ILRA,gobp SCC (median),0,0.2651467472057858
KIRC,S4MIL,gobp SCC (median),0,0.2870508994044135
KIRC,MambaMIL,gobp SCC (median),0,0.3137265025901249
KIRC,SRMambaMIL,gobp SCC (median),0,0.3015002594672858
KIRC,2DMamba,gobp SCC (median),0,0.3442081059784357
KIRC,AbReg,gobp SCC (median),0,0.3073583676145315
KIRC,HE2RNA,gobp SCC (median),0,0.3093642731288449
KIRC,MOSBY,gobp SCC (median),0,0.2050511860689179
KIRC,SEQUOIA VIS,gobp SCC (median),0,0.3156682047272228
KIRC,tRNAformer,gobp SCC (median),0,0.312150219674749
KIRC,CPNN,gobp SCC (median),0,0.3103723261542851
KIRC,MoSPR (ours),kegg SCC (median),0,0.4025821765617394
KIRC,Max,kegg SCC (median),0,0.2729081554701126
KIRC,Mean,kegg SCC (median),0,0.3386146117503681
KIRC,AbMIL,kegg SCC (median),0,0.3610659927342348
KIRC,ILRA,kegg SCC (median),0,0.2625846124327919
KIRC,S4MIL,kegg SCC (median),0,0.3049702419947386
KIRC,MambaMIL,kegg SCC (median),0,0.3236432242278928
KIRC,SRMambaMIL,kegg SCC (median),0,0.3303677779517668
KIRC,2DMamba,kegg SCC (median),0,0.3549882730350183
KIRC,AbReg,kegg SCC (median),0,0.3299075537431284
KIRC,HE2RNA,kegg SCC (median),0,0.319835423930605
KIRC,MOSBY,kegg SCC (median),0,0.2359030089314529
KIRC,SEQUOIA VIS,kegg SCC (median),0,0.3395284598204547
KIRC,tRNAformer,kegg SCC (median),0,0.3445513240323357
KIRC,CPNN,kegg SCC (median),0,0.3766824141866793
KIRC,MoSPR (ours),hallmark SCC (median),1,0.4324679353569081
KIRC,Max,hallmark SCC (median),1,0.355008302883105
KIRC,Mean,hallmark SCC (median),1,0.3839613908847407
KIRC,AbMIL,hallmark SCC (median),1,0.3851375661919722
KIRC,ILRA,hallmark SCC (median),1,0.340934504269161
KIRC,S4MIL,hallmark SCC (median),1,0.3787028002458155
KIRC,MambaMIL,hallmark SCC (median),1,0.3330518091156078
KIRC,SRMambaMIL,hallmark SCC (median),1,0.2596764240222637
KIRC,2DMamba,hallmark SCC (median),1,0.4444782363783623
KIRC,AbReg,hallmark SCC (median),1,0.4249858482000027
KIRC,HE2RNA,hallmark SCC (median),1,0.3747358039863266
KIRC,MOSBY,hallmark SCC (median),1,0.2241920821728396
KIRC,SEQUOIA VIS,hallmark SCC (median),1,0.4245040193747661
KIRC,tRNAformer,hallmark SCC (median),1,0.3695297320786692
KIRC,CPNN,hallmark SCC (median),1,0.2203814207413109
KIRC,MoSPR (ours),gobp SCC (median),1,0.4685953263229026
KIRC,Max,gobp SCC (median),1,0.3740432895530969
KIRC,Mean,gobp SCC (median),1,0.4157040784727904
KIRC,AbMIL,gobp SCC (median),1,0.4288697915821376
KIRC,ILRA,gobp SCC (median),1,0.3685788987695522
KIRC,S4MIL,gobp SCC (median),1,0.4243629516198489
KIRC,MambaMIL,gobp SCC (median),1,0.3494846758561536
KIRC,SRMambaMIL,gobp SCC (median),1,0.2716604656780841
KIRC,2DMamba,gobp SCC (median),1,0.4360428731806531
KIRC,AbReg,gobp SCC (median),1,0.4334016695442169
KIRC,HE2RNA,gobp SCC (median),1,0.4299183341587298
KIRC,MOSBY,gobp SCC (median),1,0.2619841947834411
KIRC,SEQUOIA VIS,gobp SCC (median),1,0.4453643372977771
KIRC,tRNAformer,gobp SCC (median),1,0.3967100075585537
KIRC,CPNN,gobp SCC (median),1,0.2837300029429451
KIRC,MoSPR (ours),kegg SCC (median),1,0.5023825803328686
KIRC,Max,kegg SCC (median),1,0.3876480836831604
KIRC,Mean,kegg SCC (median),1,0.4393747592015538
KIRC,AbMIL,kegg SCC (median),1,0.4654661870320127
KIRC,ILRA,kegg SCC (median),1,0.395179636156725
KIRC,S4MIL,kegg SCC (median),1,0.4315354225354426
KIRC,MambaMIL,kegg SCC (median),1,0.3813745380283376
KIRC,SRMambaMIL,kegg SCC (median),1,0.2958080897687103
KIRC,2DMamba,kegg SCC (median),1,0.4399304806603184
KIRC,AbReg,kegg SCC (median),1,0.4651822194734132
KIRC,HE2RNA,kegg SCC (median),1,0.4407237577756319
KIRC,MOSBY,kegg SCC (median),1,0.2888389762660491
KIRC,SEQUOIA VIS,kegg SCC (median),1,0.4704176041613131
KIRC,tRNAformer,kegg SCC (median),1,0.4347763168010071
KIRC,CPNN,kegg SCC (median),1,0.3353485875841943
KIRC,MoSPR (ours),hallmark SCC (median),2,0.3475878947012933
KIRC,Max,hallmark SCC (median),2,0.2374286345011063
KIRC,Mean,hallmark SCC (median),2,0.3232875998802372
KIRC,AbMIL,hallmark SCC (median),2,0.3492715475164735
KIRC,ILRA,hallmark SCC (median),2,0.3280429877916657
KIRC,S4MIL,hallmark SCC (median),2,0.2531616586133617
KIRC,MambaMIL,hallmark SCC (median),2,0.3710802560169146
KIRC,SRMambaMIL,hallmark SCC (median),2,0.315842153698635
KIRC,2DMamba,hallmark SCC (median),2,0.3278359662812029
KIRC,AbReg,hallmark SCC (median),2,0.3970953484821586
KIRC,HE2RNA,hallmark SCC (median),2,0.2441638564447489
KIRC,MOSBY,hallmark SCC (median),2,0.2815932233998491
KIRC,SEQUOIA VIS,hallmark SCC (median),2,0.3817757567079072
KIRC,tRNAformer,hallmark SCC (median),2,0.3332893647721566
KIRC,CPNN,hallmark SCC (median),2,0.2851779321503417
KIRC,MoSPR (ours),gobp SCC (median),2,0.3746026751093918
KIRC,Max,gobp SCC (median),2,0.260761607574159
KIRC,Mean,gobp SCC (median),2,0.3507994761866153
KIRC,AbMIL,gobp SCC (median),2,0.3774490682075256
KIRC,ILRA,gobp SCC (median),2,0.3365009462574786
KIRC,S4MIL,gobp SCC (median),2,0.2553301936683871
KIRC,MambaMIL,gobp SCC (median),2,0.3858380195031843
KIRC,SRMambaMIL,gobp SCC (median),2,0.3550241806390697
KIRC,2DMamba,gobp SCC (median),2,0.3129194252352862
KIRC,AbReg,gobp SCC (median),2,0.4000327333356286
KIRC,HE2RNA,gobp SCC (median),2,0.2643463163246515
KIRC,MOSBY,gobp SCC (median),2,0.2605057314299586
KIRC,SEQUOIA VIS,gobp SCC (median),2,0.3816511773918765
KIRC,tRNAformer,gobp SCC (median),2,0.3471970576313929
KIRC,CPNN,gobp SCC (median),2,0.27683050729336
KIRC,MoSPR (ours),kegg SCC (median),2,0.428061858076703
KIRC,Max,kegg SCC (median),2,0.2857067835605507
KIRC,Mean,kegg SCC (median),2,0.4093199992091364
KIRC,AbMIL,kegg SCC (median),2,0.4168808644629436
KIRC,ILRA,kegg SCC (median),2,0.3775315104019577
KIRC,S4MIL,kegg SCC (median),2,0.2730723645930992
KIRC,MambaMIL,kegg SCC (median),2,0.4121431863562449
KIRC,SRMambaMIL,kegg SCC (median),2,0.3929762921751616
KIRC,2DMamba,kegg SCC (median),2,0.3527029748536145
KIRC,AbReg,kegg SCC (median),2,0.44648066567868
KIRC,HE2RNA,kegg SCC (median),2,0.2894820253826196
KIRC,MOSBY,kegg SCC (median),2,0.3185529751881472
KIRC,SEQUOIA VIS,kegg SCC (median),2,0.4385869782325359
KIRC,tRNAformer,kegg SCC (median),2,0.4090189325287288
KIRC,CPNN,kegg SCC (median),2,0.3405943538817634
KIRC,MoSPR (ours),hallmark SCC (median),3,0.415825961104046
KIRC,Max,hallmark SCC (median),3,0.256706516198227
KIRC,Mean,hallmark SCC (median),3,0.4459582594251349
KIRC,AbMIL,hallmark SCC (median),3,0.4373647345989348
KIRC,ILRA,hallmark SCC (median),3,0.3049095218197768
KIRC,S4MIL,hallmark SCC (median),3,0.3148355559673789
KIRC,MambaMIL,hallmark SCC (median),3,0.2395396190699362
KIRC,SRMambaMIL,hallmark SCC (median),3,0.3093149857265568
KIRC,2DMamba,hallmark SCC (median),3,0.3691142422665767
KIRC,AbReg,hallmark SCC (median),3,0.4725211182487011
KIRC,HE2RNA,hallmark SCC (median),3,0.2884717796547096
KIRC,MOSBY,hallmark SCC (median),3,0.3304488766916154
KIRC,SEQUOIA VIS,hallmark SCC (median),3,0.3979854811244689
KIRC,tRNAformer,hallmark SCC (median),3,0.4169477849461246
KIRC,CPNN,hallmark SCC (median),3,0.2963532486290513
KIRC,MoSPR (ours),gobp SCC (median),3,0.4262020682900868
KIRC,Max,gobp SCC (median),3,0.2526100576611215
KIRC,Mean,gobp SCC (median),3,0.4463741342408428
KIRC,AbMIL,gobp SCC (median),3,0.4241672740376067
KIRC,ILRA,gobp SCC (median),3,0.2971501893551878
KIRC,S4MIL,gobp SCC (median),3,0.3505165159265329
KIRC,MambaMIL,gobp SCC (median),3,0.2537385990112364
KIRC,SRMambaMIL,gobp SCC (median),3,0.332554510119752
KIRC,2DMamba,gobp SCC (median),3,0.3882475372018861
KIRC,AbReg,gobp SCC (median),3,0.4154473379238126
KIRC,HE2RNA,gobp SCC (median),3,0.2823625114368794
KIRC,MOSBY,gobp SCC (median),3,0.3228886267379232
KIRC,SEQUOIA VIS,gobp SCC (median),3,0.4084336488512637
KIRC,tRNAformer,gobp SCC (median),3,0.4169795404386602
KIRC,CPNN,gobp SCC (median),3,0.2999214667614765
KIRC,MoSPR (ours),kegg SCC (median),3,0.4561175743063645
KIRC,Max,kegg SCC (median),3,0.2906867252590748
KIRC,Mean,kegg SCC (median),3,0.4746383546452641
KIRC,AbMIL,kegg SCC (median),3,0.4279174755695634
KIRC,ILRA,kegg SCC (median),3,0.3230315264543338
KIRC,S4MIL,kegg SCC (median),3,0.3634770316589408
KIRC,MambaMIL,kegg SCC (median),3,0.2645623365055208
KIRC,SRMambaMIL,kegg SCC (median),3,0.333507174895823
KIRC,2DMamba,kegg SCC (median),3,0.4062797715017749
KIRC,AbReg,kegg SCC (median),3,0.4397732665712581
KIRC,HE2RNA,kegg SCC (median),3,0.3087085779556346
KIRC,MOSBY,kegg SCC (median),3,0.328872094350708
KIRC,SEQUOIA VIS,kegg SCC (median),3,0.4327211044981371
KIRC,tRNAformer,kegg SCC (median),3,0.4281751836051416
KIRC,CPNN,kegg SCC (median),3,0.341488795808162
LUAD,MoSPR (ours),hallmark SCC (median),0,0.5269401793696673
LUAD,Max,hallmark SCC (median),0,0.3725168669987049
LUAD,Mean,hallmark SCC (median),0,0.503783081711994
LUAD,AbMIL,hallmark SCC (median),0,0.4861795102379312
LUAD,ILRA,hallmark SCC (median),0,0.4499125001258533
LUAD,S4MIL,hallmark SCC (median),0,0.4625940218271971
LUAD,MambaMIL,hallmark SCC (median),0,0.4752999849096802
LUAD,SRMambaMIL,hallmark SCC (median),0,0.4606662634384236
LUAD,2DMamba,hallmark SCC (median),0,0.5323021740028948
LUAD,AbReg,hallmark SCC (median),0,0.5101591714681311
LUAD,HE2RNA,hallmark SCC (median),0,0.3588519129980629
LUAD,MOSBY,hallmark SCC (median),0,0.3027460560095407
LUAD,SEQUOIA VIS,hallmark SCC (median),0,0.4920236666627261
LUAD,tRNAformer,hallmark SCC (median),0,0.4484504611449716
LUAD,CPNN,hallmark SCC (median),0,0.4472870514027381
LUAD,MoSPR (ours),gobp SCC (median),0,0.4591931147388421
LUAD,Max,gobp SCC (median),0,0.3246295355154794
LUAD,Mean,gobp SCC (median),0,0.4267402932507483
LUAD,AbMIL,gobp SCC (median),0,0.4183982276735109
LUAD,ILRA,gobp SCC (median),0,0.3885406364736691
LUAD,S4MIL,gobp SCC (median),0,0.3793506771652699
LUAD,MambaMIL,gobp SCC (median),0,0.41690508148027
LUAD,SRMambaMIL,gobp SCC (median),0,0.3935000149012192
LUAD,2DMamba,gobp SCC (median),0,0.464889289710557
LUAD,AbReg,gobp SCC (median),0,0.4306055865807511
LUAD,HE2RNA,gobp SCC (median),0,0.2989420883267604
LUAD,MOSBY,gobp SCC (median),0,0.2499873350708669
LUAD,SEQUOIA VIS,gobp SCC (median),0,0.4060442204794345
LUAD,tRNAformer,gobp SCC (median),0,0.3820383403131034
LUAD,CPNN,gobp SCC (median),0,0.3758924439284244
LUAD,MoSPR (ours),kegg SCC (median),0,0.4759447929830113
LUAD,Max,kegg SCC (median),0,0.3290636464429073
LUAD,Mean,kegg SCC (median),0,0.4360537926310884
LUAD,AbMIL,kegg SCC (median),0,0.4388569968533989
LUAD,ILRA,kegg SCC (median),0,0.4136050506377084
LUAD,S4MIL,kegg SCC (median),0,0.3916904639194106
LUAD,MambaMIL,kegg SCC (median),0,0.4264176670197088
LUAD,SRMambaMIL,kegg SCC (median),0,0.4175378910574054
LUAD,2DMamba,kegg SCC (median),0,0.4785204701663518
LUAD,AbReg,kegg SCC (median),0,0.4458507869692397
LUAD,HE2RNA,kegg SCC (median),0,0.3093105665948247
LUAD,MOSBY,kegg SCC (median),0,0.2775483252211048
LUAD,SEQUOIA VIS,kegg SCC (median),0,0.430646470345566
LUAD,tRNAformer,kegg SCC (median),0,0.39613968406427
LUAD,CPNN,kegg SCC (median),0,0.385453023452646
LUAD,MoSPR (ours),hallmark SCC (median),1,0.5495622568731607
LUAD,Max,hallmark SCC (median),1,0.4771462893042524
LUAD,Mean,hallmark SCC (median),1,0.4533622542504926
LUAD,AbMIL,hallmark SCC (median),1,0.5175877255641768
LUAD,ILRA,hallmark SCC (median),1,0.50420367878349
LUAD,S4MIL,hallmark SCC (median),1,0.5050426813839926
LUAD,MambaMIL,hallmark SCC (median),1,0.5422800875858537
LUAD,SRMambaMIL,hallmark SCC (median),1,0.5064171702840744
LUAD,2DMamba,hallmark SCC (median),1,0.5052355453292352
LUAD,AbReg,hallmark SCC (median),1,0.4812817544527042
LUAD,HE2RNA,hallmark SCC (median),1,0.4228208709217104
LUAD,MOSBY,hallmark SCC (median),1,0.388024037962413
LUAD,SEQUOIA VIS,hallmark SCC (median),1,0.4572546397260233
LUAD,tRNAformer,hallmark SCC (median),1,0.4403586027166438
LUAD,CPNN,hallmark SCC (median),1,0.3794553683952039
LUAD,MoSPR (ours),gobp SCC (median),1,0.5007619016961529
LUAD,Max,gobp SCC (median),1,0.4406781169485089
LUAD,Mean,gobp SCC (median),1,0.3901477632949351
LUAD,AbMIL,gobp SCC (median),1,0.4585646925153674
LUAD,ILRA,gobp SCC (median),1,0.4464133751911394
LUAD,S4MIL,gobp SCC (median),1,0.4424929933364605
LUAD,MambaMIL,gobp SCC (median),1,0.4721327155018848
LUAD,SRMambaMIL,gobp SCC (median),1,0.4370972467393724
LUAD,2DMamba,gobp SCC (median),1,0.4420761583580329
LUAD,AbReg,gobp SCC (median),1,0.4084431748747504
LUAD,HE2RNA,gobp SCC (median),1,0.4074957418534202
LUAD,MOSBY,gobp SCC (median),1,0.3591446619036942
LUAD,SEQUOIA VIS,gobp SCC (median),1,0.4077774831927839
LUAD,tRNAformer,gobp SCC (median),1,0.3810849354164131
LUAD,CPNN,gobp SCC (median),1,0.3243580498447207
LUAD,MoSPR (ours),kegg SCC (median),1,0.503331347160192
LUAD,Max,kegg SCC (median),1,0.4443523084214726
LUAD,Mean,kegg SCC (median),1,0.3953115398933673
LUAD,AbMIL,kegg SCC (median),1,0.4629881204207714
LUAD,ILRA,kegg SCC (median),1,0.4627401524911737
LUAD,S4MIL,kegg SCC (median),1,0.4464711454973181
LUAD,MambaMIL,kegg SCC (median),1,0.4846306546631849
LUAD,SRMambaMIL,kegg SCC (median),1,0.4503870834822909
LUAD,2DMamba,kegg SCC (median),1,0.4540461657982539
LUAD,AbReg,kegg SCC (median),1,0.4465769095963221
LUAD,HE2RNA,kegg SCC (median),1,0.4257271617094683
LUAD,MOSBY,kegg SCC (median),1,0.3619051937650935
LUAD,SEQUOIA VIS,kegg SCC (median),1,0.4077499312006064
LUAD,tRNAformer,kegg SCC (median),1,0.3916906748568763
LUAD,CPNN,kegg SCC (median),1,0.3454735411399964
LUAD,MoSPR (ours),hallmark SCC (median),2,0.4952717165849349
LUAD,Max,hallmark SCC (median),2,0.397940619359997
LUAD,Mean,hallmark SCC (median),2,0.4797794773614023
LUAD,AbMIL,hallmark SCC (median),2,0.5545770144260607
LUAD,ILRA,hallmark SCC (median),2,0.4576831945631775
LUAD,S4MIL,hallmark SCC (median),2,0.5044309886472444
LUAD,MambaMIL,hallmark SCC (median),2,0.5408783234070538
LUAD,SRMambaMIL,hallmark SCC (median),2,0.5203045123998857
LUAD,2DMamba,hallmark SCC (median),2,0.4578000684922633
LUAD,AbReg,hallmark SCC (median),2,0.5067138075587034
LUAD,HE2RNA,hallmark SCC (median),2,0.4029208707792538
LUAD,MOSBY,hallmark SCC (median),2,0.335877452302497
LUAD,SEQUOIA VIS,hallmark SCC (median),2,0.4757799892938275
LUAD,tRNAformer,hallmark SCC (median),2,0.4847557292925915
LUAD,CPNN,hallmark SCC (median),2,0.4174585655173253
LUAD,MoSPR (ours),gobp SCC (median),2,0.4556536765626648
LUAD,Max,gobp SCC (median),2,0.3705783439394653
LUAD,Mean,gobp SCC (median),2,0.4518381649461984
LUAD,AbMIL,gobp SCC (median),2,0.505646388632224
LUAD,ILRA,gobp SCC (median),2,0.4227085601873618
LUAD,S4MIL,gobp SCC (median),2,0.4618875452973248
LUAD,MambaMIL,gobp SCC (median),2,0.4961196080552608
LUAD,SRMambaMIL,gobp SCC (median),2,0.4688306565826347
LUAD,2DMamba,gobp SCC (median),2,0.4188317230871926
LUAD,AbReg,gobp SCC (median),2,0.4475151627327131
LUAD,HE2RNA,gobp SCC (median),2,0.3618150211958458
LUAD,MOSBY,gobp SCC (median),2,0.309417283634985
LUAD,SEQUOIA VIS,gobp SCC (median),2,0.4555452459972772
LUAD,tRNAformer,gobp SCC (median),2,0.4501486034314296
LUAD,CPNN,gobp SCC (median),2,0.3838086504670029
LUAD,MoSPR (ours),kegg SCC (median),2,0.4622590533000462
LUAD,Max,kegg SCC (median),2,0.3799424786683472
LUAD,Mean,kegg SCC (median),2,0.4466894906405405
LUAD,AbMIL,kegg SCC (median),2,0.5130916578637961
LUAD,ILRA,kegg SCC (median),2,0.4274643958872713
LUAD,S4MIL,kegg SCC (median),2,0.4640517127294458
LUAD,MambaMIL,kegg SCC (median),2,0.5076221357376061
LUAD,SRMambaMIL,kegg SCC (median),2,0.4867243661969644
LUAD,2DMamba,kegg SCC (median),2,0.4258308272054485
LUAD,AbReg,kegg SCC (median),2,0.4690252983352567
LUAD,HE2RNA,kegg SCC (median),2,0.3688692293719217
LUAD,MOSBY,kegg SCC (median),2,0.3237407835676597
LUAD,SEQUOIA VIS,kegg SCC (median),2,0.4522985504615326
LUAD,tRNAformer,kegg SCC (median),2,0.4484172694857328
LUAD,CPNN,kegg SCC (median),2,0.37806894070247
LUAD,MoSPR (ours),hallmark SCC (median),3,0.5404234148739071
LUAD,Max,hallmark SCC (median),3,0.4332630775160161
LUAD,Mean,hallmark SCC (median),3,0.5568622460676091
LUAD,AbMIL,hallmark SCC (median),3,0.5186169495000597
LUAD,ILRA,hallmark SCC (median),3,0.4392619324720567
LUAD,S4MIL,hallmark SCC (median),3,0.4508207678532578
LUAD,MambaMIL,hallmark SCC (median),3,0.5577950802042326
LUAD,SRMambaMIL,hallmark SCC (median),3,0.5671143912303261
LUAD,2DMamba,hallmark SCC (median),3,0.508621265997363
LUAD,AbReg,hallmark SCC (median),3,0.5314314536779452
LUAD,HE2RNA,hallmark SCC (median),3,0.367757893163129
LUAD,MOSBY,hallmark SCC (median),3,0.3660850226519043
LUAD,SEQUOIA VIS,hallmark SCC (median),3,0.5256588087424507
LUAD,tRNAformer,hallmark SCC (median),3,0.4933870821785455
LUAD,CPNN,hallmark SCC (median),3,0.4649270621883942
LUAD,MoSPR (ours),gobp SCC (median),3,0.5106178742026627
LUAD,Max,gobp SCC (median),3,0.3815029738926027
LUAD,Mean,gobp SCC (median),3,0.5139690334291969
LUAD,AbMIL,gobp SCC (median),3,0.4754591478954996
LUAD,ILRA,gobp SCC (median),3,0.4128933392586913
LUAD,S4MIL,gobp SCC (median),3,0.4270104700019975
LUAD,MambaMIL,gobp SCC (median),3,0.5374208267768372
LUAD,SRMambaMIL,gobp SCC (median),3,0.5225090261010734
LUAD,2DMamba,gobp SCC (median),3,0.4457863532243362
LUAD,AbReg,gobp SCC (median),3,0.4858277844460427
LUAD,HE2RNA,gobp SCC (median),3,0.3263718442943437
LUAD,MOSBY,gobp SCC (median),3,0.3307235652085631
LUAD,SEQUOIA VIS,gobp SCC (median),3,0.4944002863424289
LUAD,tRNAformer,gobp SCC (median),3,0.4468799274154796
LUAD,CPNN,gobp SCC (median),3,0.4362268351504771
LUAD,MoSPR (ours),kegg SCC (median),3,0.5207923584401623
LUAD,Max,kegg SCC (median),3,0.3994805750464272
LUAD,Mean,kegg SCC (median),3,0.5301152816023124
LUAD,AbMIL,kegg SCC (median),3,0.4800664274357252
LUAD,ILRA,kegg SCC (median),3,0.4178555111664805
LUAD,S4MIL,kegg SCC (median),3,0.4421525443513711
LUAD,MambaMIL,kegg SCC (median),3,0.5308250663374392
LUAD,SRMambaMIL,kegg SCC (median),3,0.5321787143246596
LUAD,2DMamba,kegg SCC (median),3,0.4686665260410155
LUAD,AbReg,kegg SCC (median),3,0.4877440226240825
LUAD,HE2RNA,kegg SCC (median),3,0.3569178728571962
LUAD,MOSBY,kegg SCC (median),3,0.3317521209506872
LUAD,SEQUOIA VIS,kegg SCC (median),3,0.5073308303911336
LUAD,tRNAformer,kegg SCC (median),3,0.4595612340762771
LUAD,CPNN,kegg SCC (median),3,0.442001737671007
