metric,cohort,model,0,1,2,3
gene PCC,BRCA,2DMamba,0.3892,0.3669,0.3313,0.3203
gene PCC,BRCA,AbMIL,0.3843,0.397,0.3454,0.3527
gene PCC,BRCA,AbReg,0.348,0.3788,0.3516,0.3428
gene PCC,BRCA,CPNN,0.3701,0.3747,0.36,0.334
gene PCC,BRCA,HE2RNA,0.3114,0.336,0.2954,0.2585
gene PCC,BRCA,ILRA,0.2124,0.2991,0.1601,0.2798
gene PCC,BRCA,MOSBY,0.3688,0.3532,0.3296,0.3195
gene PCC,BRCA,MambaMIL,0.3822,0.3941,0.3338,0.3417
gene PCC,BRCA,Max,0.317,0.3005,0.2932,0.2662
gene PCC,BRCA,Mean,0.359,0.3591,0.3144,0.3102
gene PCC,BRCA,MoSPR (ours),0.431,0.4196,0.4115,0.3915
gene PCC,BRCA,S4MIL,0.3401,0.3287,0.3289,0.3158
gene PCC,BRCA,SEQUOIA VIS,0.3793,0.3744,0.3509,0.3062
gene PCC,BRCA,SRMambaMIL,0.3729,0.3806,0.3606,0.3309
gene PCC,BRCA,tRNAformer,0.363,0.3522,0.3405,0.3089
gene PCC,KIRC,2DMamba,0.2798,0.2986,0.2805,0.2909
gene PCC,KIRC,AbMIL,0.2801,0.2882,0.2915,0.3102
gene PCC,KIRC,AbReg,0.2468,0.3105,0.2873,0.3124
gene PCC,KIRC,CPNN,0.2875,0.3014,0.2894,0.2924
gene PCC,KIRC,HE2RNA,0.2189,0.2935,0.2422,0.268
gene PCC,KIRC,ILRA,0.226,0.2516,0.2452,0.0405
gene PCC,KIRC,MOSBY,0.2413,0.2744,0.2596,0.2817
gene PCC,KIRC,MambaMIL,0.2658,0.299,0.2831,0.3101
gene PCC,KIRC,Max,0.2295,0.253,0.2289,0.2311
gene PCC,KIRC,Mean,0.2724,0.2834,0.2885,0.2947
gene PCC,KIRC,MoSPR (ours),0.2997,0.349,0.3346,0.3529
gene PCC,KIRC,S4MIL,0.2334,0.3133,0.2453,0.2838
gene PCC,KIRC,SEQUOIA VIS,0.2848,0.3414,0.3029,0.3106
gene PCC,KIRC,SRMambaMIL,0.2951,0.2764,0.2832,0.3151
gene PCC,KIRC,tRNAformer,0.2967,0.3251,0.297,0.3278
gene PCC,LUAD,2DMamba,0.3072,0.2949,0.2841,0.3146
gene PCC,LUAD,AbMIL,0.2893,0.3074,0.3182,0.317
gene PCC,LUAD,AbReg,0.282,0.2912,0.3049,0.3072
gene PCC,LUAD,CPNN,0.3008,0.3028,0.31,0.3071
gene PCC,LUAD,HE2RNA,0.2637,0.2881,0.2749,0.2754
gene PCC,LUAD,ILRA,0.2758,0.2906,0.2833,0.2703
gene PCC,LUAD,MOSBY,0.2593,0.3223,0.2962,0.2796
gene PCC,LUAD,MambaMIL,0.2915,0.326,0.338,0.3218
gene PCC,LUAD,Max,0.2374,0.2803,0.2571,0.2566
gene PCC,LUAD,Mean,0.2859,0.2837,0.3066,0.2918
gene PCC,LUAD,MoSPR (ours),0.3556,0.3717,0.3542,0.3507
gene PCC,LUAD,S4MIL,0.2828,0.3027,0.3098,0.3004
gene PCC,LUAD,SEQUOIA VIS,0.3186,0.3007,0.3363,0.313
gene PCC,LUAD,SRMambaMIL,0.2778,0.3189,0.3265,0.322
gene PCC,LUAD,tRNAformer,0.3139,0.3137,0.33,0.3067
gene SCC,BRCA,2DMamba,0.3534,0.3551,0.3458,0.3362
gene SCC,BRCA,AbMIL,0.3592,0.3809,0.3488,0.3643
gene SCC,BRCA,AbReg,0.3322,0.3668,0.3421,0.353
gene SCC,BRCA,CPNN,0.3463,0.3656,0.3657,0.3464
gene SCC,BRCA,HE2RNA,0.2858,0.318,0.2801,0.2871
gene SCC,BRCA,ILRA,0.2248,0.2918,0.2762,0.2902
gene SCC,BRCA,MOSBY,0.347,0.3558,0.3554,0.3389
gene SCC,BRCA,MambaMIL,0.3539,0.3756,0.336,0.3581
gene SCC,BRCA,Max,0.2739,0.2936,0.2876,0.2781
gene SCC,BRCA,Mean,0.334,0.3512,0.3369,0.3303
gene SCC,BRCA,MoSPR (ours),0.4095,0.3998,0.4206,0.4124
gene SCC,BRCA,S4MIL,0.319,0.3405,0.3287,0.3306
gene SCC,BRCA,SEQUOIA VIS,0.3373,0.3422,0.3421,0.328
gene SCC,BRCA,SRMambaMIL,0.3439,0.3622,0.3578,0.3448
gene SCC,BRCA,tRNAformer,0.3319,0.3408,0.3341,0.322
gene SCC,KIRC,2DMamba,0.2769,0.3146,0.2838,0.2941
gene SCC,KIRC,AbMIL,0.2798,0.313,0.2963,0.307
gene SCC,KIRC,AbReg,0.2524,0.3146,0.2882,0.3156
gene SCC,KIRC,CPNN,0.2987,0.3206,0.3122,0.3076
gene SCC,KIRC,HE2RNA,0.2441,0.3144,0.2561,0.276
gene SCC,KIRC,ILRA,0.2278,0.2614,0.2627,0.2402
gene SCC,KIRC,MOSBY,0.2467,0.3101,0.2843,0.3136
gene SCC,KIRC,MambaMIL,0.2682,0.3184,0.2905,0.2815
gene SCC,KIRC,Max,0.2336,0.2636,0.2388,0.2414
gene SCC,KIRC,Mean,0.2732,0.3043,0.2943,0.3003
gene SCC,KIRC,MoSPR (ours),0.3166,0.3701,0.3569,0.3479
gene SCC,KIRC,S4MIL,0.2384,0.3156,0.2579,0.2859
gene SCC,KIRC,SEQUOIA VIS,0.2846,0.3455,0.3166,0.31
gene SCC,KIRC,SRMambaMIL,0.2826,0.3008,0.2895,0.3028
gene SCC,KIRC,tRNAformer,0.2914,0.339,0.311,0.3349
gene SCC,LUAD,2DMamba,0.3261,0.305,0.2973,0.3232
gene SCC,LUAD,AbMIL,0.3008,0.3186,0.3346,0.3403
gene SCC,LUAD,AbReg,0.3015,0.3058,0.3109,0.3244
gene SCC,LUAD,CPNN,0.319,0.3221,0.3213,0.3384
gene SCC,LUAD,HE2RNA,0.2865,0.3115,0.2885,0.3013
gene SCC,LUAD,ILRA,0.2938,0.3133,0.3007,0.3077
gene SCC,LUAD,MOSBY,0.2847,0.3323,0.3066,0.3068
gene SCC,LUAD,MambaMIL,0.3087,0.3401,0.3473,0.3438
gene SCC,LUAD,Max,0.263,0.2975,0.2708,0.2814
gene SCC,LUAD,Mean,0.3102,0.3011,0.3195,0.3282
gene SCC,LUAD,MoSPR (ours),0.3704,0.3939,0.3684,0.3701
gene SCC,LUAD,S4MIL,0.3004,0.3213,0.3185,0.3194
gene SCC,LUAD,SEQUOIA VIS,0.3248,0.3126,0.3483,0.3379
gene SCC,LUAD,SRMambaMIL,0.2911,0.3296,0.3378,0.3452
gene SCC,LUAD,tRNAformer,0.3271,0.3378,0.3426,0.3378
gobp SCC (median),BRCA,2DMamba,0.4284,0.4743,0.4419,0.4133
gobp SCC (median),BRCA,AbMIL,0.4586,0.5264,0.4509,0.4691
gobp SCC (median),BRCA,AbReg,0.4191,0.4878,0.4578,0.4492
gobp SCC (median),BRCA,CPNN,0.3473,0.3784,0.4099,0.3723
gobp SCC (median),BRCA,HE2RNA,0.3104,0.3693,0.3295,0.3059
gobp SCC (median),BRCA,ILRA,0.2796,0.3945,0.3717,0.3874
gobp SCC (median),BRCA,MOSBY,0.3782,0.4059,0.3939,0.3453
gobp SCC (median),BRCA,MambaMIL,0.4362,0.5131,0.4401,0.4408
gobp SCC (median),BRCA,Max,0.3344,0.3638,0.3327,0.3178
gobp SCC (median),BRCA,Mean,0.4101,0.4838,0.4449,0.454
gobp SCC (median),BRCA,MoSPR (ours),0.5089,0.5149,0.5289,0.5279
gobp SCC (median),BRCA,S4MIL,0.39,0.455,0.4023,0.4093
gobp SCC (median),BRCA,SEQUOIA VIS,0.3989,0.4313,0.4227,0.3984
gobp SCC (median),BRCA,SRMambaMIL,0.399,0.4852,0.4776,0.4292
gobp SCC (median),BRCA,tRNAformer,0.3756,0.3928,0.3892,0.3662
gobp SCC (median),KIRC,2DMamba,0.3442,0.436,0.3129,0.3882
gobp SCC (median),KIRC,AbMIL,0.3235,0.4289,0.3774,0.4242
gobp SCC (median),KIRC,AbReg,0.3074,0.4334,0.4,0.4154
gobp SCC (median),KIRC,CPNN,0.3104,0.2837,0.2768,0.2999
gobp SCC (median),KIRC,HE2RNA,0.3094,0.4299,0.2643,0.2824
gobp SCC (median),KIRC,ILRA,0.2651,0.3686,0.3365,0.2972
gobp SCC (median),KIRC,MOSBY,0.2051,0.262,0.2605,0.3229
gobp SCC (median),KIRC,MambaMIL,0.3137,0.3495,0.3858,0.2537
gobp SCC (median),KIRC,Max,0.249,0.374,0.2608,0.2526
gobp SCC (median),KIRC,Mean,0.3038,0.4157,0.3508,0.4464
gobp SCC (median),KIRC,MoSPR (ours),0.3894,0.4686,0.3746,0.4262
gobp SCC (median),KIRC,S4MIL,0.2871,0.4244,0.2553,0.3505
gobp SCC (median),KIRC,SEQUOIA VIS,0.3157,0.4454,0.3817,0.4084
gobp SCC (median),KIRC,SRMambaMIL,0.3015,0.2717,0.355,0.3326
gobp SCC (median),KIRC,tRNAformer,0.3122,0.3967,0.3472,0.417
gobp SCC (median),LUAD,2DMamba,0.4649,0.4421,0.4188,0.4458
gobp SCC (median),LUAD,AbMIL,0.4184,0.4586,0.5056,0.4755
gobp SCC (median),LUAD,AbReg,0.4306,0.4084,0.4475,0.4858
gobp SCC (median),LUAD,CPNN,0.3759,0.3244,0.3838,0.4362
gobp SCC (median),LUAD,HE2RNA,0.2989,0.4075,0.3618,0.3264
gobp SCC (median),LUAD,ILRA,0.3885,0.4464,0.4227,0.4129
gobp SCC (median),LUAD,MOSBY,0.25,0.3591,0.3094,0.3307
gobp SCC (median),LUAD,MambaMIL,0.4169,0.4721,0.4961,0.5374
gobp SCC (median),LUAD,Max,0.3246,0.4407,0.3706,0.3815
gobp SCC (median),LUAD,Mean,0.4267,0.3901,0.4518,0.514
gobp SCC (median),LUAD,MoSPR (ours),0.4592,0.5008,0.4557,0.5106
gobp SCC (median),LUAD,S4MIL,0.3794,0.4425,0.4619,0.427
gobp SCC (median),LUAD,SEQUOIA VIS,0.406,0.4078,0.4555,0.4944
gobp SCC (median),LUAD,SRMambaMIL,0.3935,0.4371,0.4688,0.5225
gobp SCC (median),LUAD,tRNAformer,0.382,0.3811,0.4501,0.4469
hallmark SCC (median),BRCA,2DMamba,0.4428,0.4882,0.4751,0.4343
hallmark SCC (median),BRCA,AbMIL,0.4991,0.5426,0.4545,0.502
hallmark SCC (median),BRCA,AbReg,0.4612,0.513,0.4791,0.4701
hallmark SCC (median),BRCA,CPNN,0.3628,0.3895,0.4326,0.3792
hallmark SCC (median),BRCA,HE2RNA,0.3186,0.3709,0.315,0.3271
hallmark SCC (median),BRCA,ILRA,0.3132,0.4367,0.3787,0.4119
hallmark SCC (median),BRCA,MOSBY,0.4081,0.4347,0.3955,0.3609
hallmark SCC (median),BRCA,MambaMIL,0.4644,0.5483,0.4485,0.4533
hallmark SCC (median),BRCA,Max,0.3574,0.3706,0.3505,0.3459
hallmark SCC (median),BRCA,Mean,0.4536,0.4936,0.449,0.4799
hallmark SCC (median),BRCA,MoSPR (ours),0.5501,0.541,0.5486,0.563
hallmark SCC (median),BRCA,S4MIL,0.4042,0.4599,0.4287,0.4415
hallmark SCC (median),BRCA,SEQUOIA VIS,0.4406,0.4585,0.4422,0.4337
hallmark SCC (median),BRCA,SRMambaMIL,0.4143,0.5154,0.4864,0.4346
hallmark SCC (median),BRCA,tRNAformer,0.4126,0.4197,0.3999,0.4165
hallmark SCC (median),KIRC,2DMamba,0.3844,0.4445,0.3278,0.3691
hallmark SCC (median),KIRC,AbMIL,0.3412,0.3851,0.3493,0.4374
hallmark SCC (median),KIRC,AbReg,0.2943,0.425,0.3971,0.4725
hallmark SCC (median),KIRC,CPNN,0.3278,0.2204,0.2852,0.2964
hallmark SCC (median),KIRC,HE2RNA,0.2888,0.3747,0.2442,0.2885
hallmark SCC (median),KIRC,ILRA,0.229,0.3409,0.328,0.3049
hallmark SCC (median),KIRC,MOSBY,0.1933,0.2242,0.2816,0.3304
hallmark SCC (median),KIRC,MambaMIL,0.2901,0.3331,0.3711,0.2395
hallmark SCC (median),KIRC,Max,0.2753,0.355,0.2374,0.2567
hallmark SCC (median),KIRC,Mean,0.3131,0.384,0.3233,0.446
hallmark SCC (median),KIRC,MoSPR (ours),0.4125,0.4325,0.3476,0.4158
hallmark SCC (median),KIRC,S4MIL,0.2566,0.3787,0.2532,0.3148
hallmark SCC (median),KIRC,SEQUOIA VIS,0.3315,0.4245,0.3818,0.398
hallmark SCC (median),KIRC,SRMambaMIL,0.3382,0.2597,0.3158,0.3093
hallmark SCC (median),KIRC,tRNAformer,0.3497,0.3695,0.3333,0.4169
hallmark SCC (median),LUAD,2DMamba,0.5323,0.5052,0.4578,0.5086
hallmark SCC (median),LUAD,AbMIL,0.4862,0.5176,0.5546,0.5186
hallmark SCC (median),LUAD,AbReg,0.5102,0.4813,0.5067,0.5314
hallmark SCC (median),LUAD,CPNN,0.4473,0.3795,0.4175,0.4649
hallmark SCC (median),LUAD,HE2RNA,0.3589,0.4228,0.4029,0.3678
hallmark SCC (median),LUAD,ILRA,0.4499,0.5042,0.4577,0.4393
hallmark SCC (median),LUAD,MOSBY,0.3027,0.388,0.3359,0.3661
hallmark SCC (median),LUAD,MambaMIL,0.4753,0.5423,0.5409,0.5578
hallmark SCC (median),LUAD,Max,0.3725,0.4771,0.3979,0.4333
hallmark SCC (median),LUAD,Mean,0.5038,0.4534,0.4798,0.5569
hallmark SCC (median),LUAD,MoSPR (ours),0.5269,0.5496,0.4953,0.5404
hallmark SCC (median),LUAD,S4MIL,0.4626,0.505,0.5044,0.4508
hallmark SCC (median),LUAD,SEQUOIA VIS,0.492,0.4573,0.4758,0.5257
hallmark SCC (median),LUAD,SRMambaMIL,0.4607,0.5064,0.5203,0.5671
hallmark SCC (median),LUAD,tRNAformer,0.4485,0.4404,0.4848,0.4934
kegg SCC (median),BRCA,2DMamba,0.3903,0.44,0.4116,0.391
kegg SCC (median),BRCA,AbMIL,0.4179,0.5065,0.4212,0.4384
kegg SCC (median),BRCA,AbReg,0.3809,0.468,0.4276,0.4236
kegg SCC (median),BRCA,CPNN,0.3094,0.3239,0.352,0.3236
kegg SCC (median),BRCA,HE2RNA,0.275,0.3416,0.2926,0.2925
kegg SCC (median),BRCA,ILRA,0.2405,0.3799,0.3324,0.3654
kegg SCC (median),BRCA,MOSBY,0.3509,0.3905,0.3716,0.303
kegg SCC (median),BRCA,MambaMIL,0.3944,0.4905,0.4087,0.3994
kegg SCC (median),BRCA,Max,0.3174,0.3533,0.306,0.3053
kegg SCC (median),BRCA,Mean,0.3738,0.464,0.4104,0.4108
kegg SCC (median),BRCA,MoSPR (ours),0.4793,0.4784,0.5017,0.4834
kegg SCC (median),BRCA,S4MIL,0.3658,0.421,0.3639,0.3801
kegg SCC (median),BRCA,SEQUOIA VIS,0.3625,0.3976,0.4047,0.3746
kegg SCC (median),BRCA,SRMambaMIL,0.3544,0.4527,0.4457,0.3902
kegg SCC (median),BRCA,tRNAformer,0.3366,0.3529,0.3596,0.3308
kegg SCC (median),KIRC,2DMamba,0.355,0.4399,0.3527,0.4063
kegg SCC (median),KIRC,AbMIL,0.3611,0.4655,0.4169,0.4279
kegg SCC (median),KIRC,AbReg,0.3299,0.4652,0.4465,0.4398
kegg SCC (median),KIRC,CPNN,0.3767,0.3353,0.3406,0.3415
kegg SCC (median),KIRC,HE2RNA,0.3198,0.4407,0.2895,0.3087
kegg SCC (median),KIRC,ILRA,0.2626,0.3952,0.3775,0.323
kegg SCC (median),KIRC,MOSBY,0.2359,0.2888,0.3186,0.3289
kegg SCC (median),KIRC,MambaMIL,0.3236,0.3814,0.4121,0.2646
kegg SCC (median),KIRC,Max,0.2729,0.3876,0.2857,0.2907
kegg SCC (median),KIRC,Mean,0.3386,0.4394,0.4093,0.4746
kegg SCC (median),KIRC,MoSPR (ours),0.4026,0.5024,0.4281,0.4561
kegg SCC (median),KIRC,S4MIL,0.305,0.4315,0.2731,0.3635
kegg SCC (median),KIRC,SEQUOIA VIS,0.3395,0.4704,0.4386,0.4327
kegg SCC (median),KIRC,SRMambaMIL,0.3304,0.2958,0.393,0.3335
kegg SCC (median),KIRC,tRNAformer,0.3446,0.4348,0.409,0.4282
kegg SCC (median),LUAD,2DMamba,0.4785,0.454,0.4258,0.4687
kegg SCC (median),LUAD,AbMIL,0.4389,0.463,0.5131,0.4801
kegg SCC (median),LUAD,AbReg,0.4459,0.4466,0.469,0.4877
kegg SCC (median),LUAD,CPNN,0.3855,0.3455,0.3781,0.442
kegg SCC (median),LUAD,HE2RNA,0.3093,0.4257,0.3689,0.3569
kegg SCC (median),LUAD,ILRA,0.4136,0.4627,0.4275,0.4179
kegg SCC (median),LUAD,MOSBY,0.2775,0.3619,0.3237,0.3318
kegg SCC (median),LUAD,MambaMIL,0.4264,0.4846,0.5076,0.5308
kegg SCC (median),LUAD,Max,0.3291,0.4444,0.3799,0.3995
kegg SCC (median),LUAD,Mean,0.4361,0.3953,0.4467,0.5301
kegg SCC (median),LUAD,MoSPR (ours),0.4759,0.5033,0.4623,0.5208
kegg SCC (median),LUAD,S4MIL,0.3917,0.4465,0.4641,0.4422
kegg SCC (median),LUAD,SEQUOIA VIS,0.4306,0.4077,0.4523,0.5073
kegg SCC (median),LUAD,SRMambaMIL,0.4175,0.4504,0.4867,0.5322
kegg SCC (median),LUAD,tRNAformer,0.3961,0.3917,0.4484,0.4596
