cohort,fold,variant,gene_PCC,gene_SCC,hall_SCC,lam,q
KIRC,0,Global Direct,0.2908944319593983,0.2939766726449676,0.3838941935395161,1000.0,
KIRC,0,Global Low-Rank,0.295920341379867,0.2984254189735262,0.3923348375328895,1000.0,16.0
KIRC,0,Spatial Direct,0.2964602801507318,0.31247749912476286,0.4119966717814756,10000.0,
KIRC,0,Shuffled-State Low-Rank,0.24385509295350383,0.2516441820062076,0.34898615731270977,10000.0,16.0
KIRC,0,Spatial Low-Rank,0.29974352978624225,0.31657988475036697,0.4125373002195242,10000.0,16.0
KIRC,1,Global Direct,0.31925988244820297,0.3271671259438468,0.40556063514303214,10000.0,
KIRC,1,Global Low-Rank,0.33925432891013607,0.34275353820798865,0.4168527730485445,1000.0,16.0
KIRC,1,Spatial Direct,0.3389642957233599,0.36212121847816103,0.451796660512247,10000.0,
KIRC,1,Shuffled-State Low-Rank,0.2874631047001201,0.303898044833958,0.39482849347673643,10000.0,16.0
KIRC,1,Spatial Low-Rank,0.3489835613412267,0.3701231131447912,0.4324679353569081,10000.0,32.0
KIRC,2,Global Direct,0.3089258516547222,0.3239581751632365,0.3171392442243669,1000.0,
KIRC,2,Global Low-Rank,0.3113713411666113,0.32791742660282264,0.3303867888452246,1000.0,16.0
KIRC,2,Spatial Direct,0.32864546172787995,0.3497815152071065,0.3405717586136598,10000.0,
KIRC,2,Shuffled-State Low-Rank,0.23631424998610445,0.25562741091006014,0.26920857374738094,10000.0,16.0
KIRC,2,Spatial Low-Rank,0.33457817098381504,0.35694633804172776,0.3475878947012933,10000.0,48.0
KIRC,3,Global Direct,0.3348301628594899,0.3387915959034832,0.4397610529202829,1000.0,
KIRC,3,Global Low-Rank,0.34339046219656694,0.34605565328476695,0.4507936438462443,1000.0,16.0
KIRC,3,Spatial Direct,0.3461529328372719,0.34158814646946384,0.4176659476234705,10000.0,
KIRC,3,Shuffled-State Low-Rank,0.24621355206175483,0.2526131694803591,0.31775583991556594,10000.0,8.0
KIRC,3,Spatial Low-Rank,0.3528880594808561,0.34789598834919655,0.415825961104046,10000.0,32.0
