model,folds,SCC,SCC_sd,PCC,mse,author_SCC,delta
AbMIL,4,0.35916405945847957,0.01553888874205321,0.36419084668159485,0.033904572017490864,,
CPNN,4,0.3580935310721872,0.008776512518408705,0.36404688304535004,,0.338662131065267,0.01943140000692023
SRMambaMIL,4,0.35143359995717044,0.01407576085397772,0.3586016669869423,0.037032557651400566,0.3107947496696196,0.04063885028755082
AbReg,4,0.35099728744880165,0.013412499077564487,0.35666723549366,0.034560796804726124,0.2725311468333714,0.07846614061543028
MambaMIL,4,0.3509698377437652,0.01929891495770071,0.35714321583509445,0.0373146990314126,0.3093147206253052,0.04165511711846004
MOSBY,4,0.34663486763483975,0.006955198386343169,0.34776339679956436,0.034944118931889534,0.3136891440571158,0.03294572357772396
S4Model,4,0.34212155258465266,0.003123309203147369,0.34939736127853394,0.0345522491261363,0.3012451594148237,0.04087639316982894
SEQUOIA VIS,4,0.34153689012325694,0.007596119191111423,0.35303203016519547,0.03483136370778084,0.2949068576601876,0.04663003246306935
tRNAformer,4,0.33254773382306857,0.00735371634825618,0.34139464795589447,0.03509738389402628,0.3021211135543984,0.030426620268670157
AbMIL mean-pool,4,0.30773962453062387,0.016705738398006105,0.31935831159353256,0.03717211075127125,0.2625772209737598,0.04516240355686407
HE2RNA,4,0.28921360069438495,0.019819714189633422,0.2995977848768234,0.03760670963674784,0.2980249136210248,-0.008811312926639836
ILRA,4,0.27674235359134747,0.03762311466750966,0.2783355116844177,0.03634141944348812,0.3099016124007187,-0.033159258809371206
2DMamba,4,0.26299048269101294,0.170392153359836,0.2664625874022022,0.036126152612268925,,
AbMIL max-pool,4,0.21253515363048414,0.00462566804493392,0.21874641627073288,0.04961143434047699,0.2249125036119123,-0.01237734998142817
