cohort,fold,seed,frac,variant,n_train_patients,n_train,n_fit,pcc,scc,hall_scc,q,lam
BRCA,0,2021,0.1,Global Low-Rank,56,77,107,0.2204653291427997,0.247163163179299,0.2848113926640198,8.0,1000.0
BRCA,0,2021,0.1,Spatial Direct,56,77,107,0.2334735755431055,0.2550980948480533,0.33870835199908,,10000.0
BRCA,0,2021,0.1,Spatial Low-Rank,56,77,107,0.2584436266817827,0.276327365429225,0.3286851180028465,8.0,1000.0
BRCA,0,2021,0.25,Global Low-Rank,134,188,270,0.2666066455885316,0.2680353455173509,0.3046183105227712,4.0,100.0
BRCA,0,2021,0.25,Spatial Direct,134,188,270,0.287133135524328,0.3046128097989956,0.4007898903263417,,10000.0
BRCA,0,2021,0.25,Spatial Low-Rank,134,188,270,0.3086236281247173,0.3195584335006824,0.410716685213765,8.0,1000.0
BRCA,0,2021,0.5,Global Low-Rank,262,371,552,0.3354589237812411,0.3259558663081758,0.4120771503258423,8.0,100.0
BRCA,0,2021,0.5,Spatial Direct,262,371,552,0.3471488362562477,0.3452573544266869,0.4830707790344236,,10000.0
BRCA,0,2021,0.5,Spatial Low-Rank,262,371,552,0.3643850955485118,0.3532506162148084,0.4783961830377061,8.0,1000.0
BRCA,0,2021,0.75,Global Low-Rank,396,566,836,0.351732019818607,0.3457212547547298,0.4163079686236167,8.0,100.0
BRCA,0,2021,0.75,Spatial Direct,396,566,836,0.3647994688455555,0.3684126881643272,0.50683619154008,,10000.0
BRCA,0,2021,0.75,Spatial Low-Rank,396,566,836,0.3812413017946489,0.3860281754639448,0.503290764592711,32.0,10000.0
BRCA,0,2021,1.0,Global Low-Rank,519,734,1100,0.4008928483175246,0.3709856363926133,0.4659086840099917,16.0,100.0
BRCA,0,2021,1.0,Spatial Direct,519,734,1100,0.4150399730578905,0.3918571148973914,0.5495716440747931,,10000.0
BRCA,0,2021,1.0,Spatial Low-Rank,519,734,1100,0.4310330027827488,0.4094827319572798,0.55014232811516,32.0,10000.0
BRCA,0,7,0.1,Global Low-Rank,54,75,107,0.2209845371353752,0.2379974564287622,0.34429350554739,8.0,1000.0
BRCA,0,7,0.1,Spatial Direct,54,75,107,0.2264933489578774,0.2419615179804536,0.3492342953334353,,10000.0
BRCA,0,7,0.1,Spatial Low-Rank,54,75,107,0.2492531580002792,0.2665558835225207,0.3722188484470508,8.0,1000.0
BRCA,0,7,0.25,Global Low-Rank,120,171,276,0.2967906979932702,0.2881208131416443,0.4025349587313899,16.0,1000.0
BRCA,0,7,0.25,Spatial Direct,120,171,276,0.3101972510343252,0.3121730310365649,0.464550828640947,,10000.0
BRCA,0,7,0.25,Spatial Low-Rank,120,171,276,0.3255919323157849,0.3273277615321915,0.4626889894081134,32.0,10000.0
BRCA,0,7,0.5,Global Low-Rank,267,384,557,0.3318707860284083,0.3176181652119514,0.4075845687327258,16.0,1000.0
BRCA,0,7,0.5,Spatial Direct,267,384,557,0.3614289679032195,0.3498283294279533,0.4947751730772552,,10000.0
BRCA,0,7,0.5,Spatial Low-Rank,267,384,557,0.3785188869663703,0.3671968563876239,0.4954787719371906,32.0,10000.0
BRCA,0,7,0.75,Global Low-Rank,402,571,825,0.3505237847013464,0.33631834671272,0.4287140800837323,16.0,1000.0
BRCA,0,7,0.75,Spatial Direct,402,571,825,0.3763899873310912,0.3753715603476427,0.535609700925344,,10000.0
BRCA,0,7,0.75,Spatial Low-Rank,402,571,825,0.3928003452079784,0.3936157743396911,0.5337833056443952,32.0,10000.0
BRCA,0,7,1.0,Global Low-Rank,519,734,1100,0.4008928483175246,0.3709856363926133,0.4659086840099917,16.0,100.0
BRCA,0,7,1.0,Spatial Direct,519,734,1100,0.4150399730578905,0.3918571148973914,0.5495716440747931,,10000.0
BRCA,0,7,1.0,Spatial Low-Rank,519,734,1100,0.4310330027827488,0.4094827319572798,0.55014232811516,32.0,10000.0
BRCA,0,13,0.1,Global Low-Rank,53,78,115,0.2228082383142071,0.2125796303124698,0.2991970852519291,32.0,10000.0
BRCA,0,13,0.1,Spatial Direct,53,78,115,0.2678475820291379,0.2602409083314829,0.368926505882148,,10000.0
BRCA,0,13,0.1,Spatial Low-Rank,53,78,115,0.2745813662386515,0.2670260229883565,0.372738854919226,32.0,10000.0
BRCA,0,13,0.25,Global Low-Rank,134,187,274,0.3090427538420416,0.3015847141762494,0.3902874953709785,8.0,1000.0
BRCA,0,13,0.25,Spatial Direct,134,187,274,0.3095938977442004,0.317761351603405,0.4350502934001524,,10000.0
BRCA,0,13,0.25,Spatial Low-Rank,134,187,274,0.3287507042762697,0.3371946506391898,0.4317040566070411,16.0,10000.0
BRCA,0,13,0.5,Global Low-Rank,269,384,555,0.3268524798253877,0.3266887014705789,0.4192115808600551,16.0,1000.0
BRCA,0,13,0.5,Spatial Direct,269,384,555,0.3428364592802632,0.3550093829993963,0.4921580256574212,,10000.0
BRCA,0,13,0.5,Spatial Low-Rank,269,384,555,0.3626546845927124,0.3759556834144555,0.4958351535903901,32.0,10000.0
BRCA,0,13,0.75,Global Low-Rank,395,555,816,0.3390456932588562,0.3506288406327993,0.4247257251211983,8.0,100.0
BRCA,0,13,0.75,Spatial Direct,395,555,816,0.366429633515345,0.3769739259504441,0.5247410315699367,,10000.0
BRCA,0,13,0.75,Spatial Low-Rank,395,555,816,0.3847390294382994,0.3970367163766825,0.5232852804913193,32.0,10000.0
BRCA,0,13,1.0,Global Low-Rank,519,734,1100,0.4008928483175246,0.3709856363926133,0.4659086840099917,16.0,100.0
BRCA,0,13,1.0,Spatial Direct,519,734,1100,0.4150399730578905,0.3918571148973914,0.5495716440747931,,10000.0
BRCA,0,13,1.0,Spatial Low-Rank,519,734,1100,0.4310330027827488,0.4094827319572798,0.55014232811516,32.0,10000.0
BRCA,0,42,0.1,Global Low-Rank,53,77,112,0.2205049582441826,0.2425318938214443,0.3338407564013451,4.0,1000.0
BRCA,0,42,0.1,Spatial Direct,53,77,112,0.2337694322378064,0.2530723427095696,0.4072514320000263,,10000.0
BRCA,0,42,0.1,Spatial Low-Rank,53,77,112,0.2533573469298183,0.272910703591788,0.3890853749001133,4.0,1000.0
BRCA,0,42,0.25,Global Low-Rank,127,189,285,0.2391520243354163,0.2856182579857271,0.3608692580732593,4.0,100.0
BRCA,0,42,0.25,Spatial Direct,127,189,285,0.2780851922613971,0.304646679363901,0.4416164068702373,,10000.0
BRCA,0,42,0.25,Spatial Low-Rank,127,189,285,0.2781250976030904,0.303560448082,0.4030329341170339,4.0,1000.0
BRCA,0,42,0.5,Global Low-Rank,260,383,565,0.3195122524540267,0.3290273075817363,0.3922735705105047,8.0,100.0
BRCA,0,42,0.5,Spatial Direct,260,383,565,0.3486380007701688,0.352260602777638,0.4891101492538072,,10000.0
BRCA,0,42,0.5,Spatial Low-Rank,260,383,565,0.3565528687502978,0.3588479913991704,0.487227614151808,8.0,1000.0
BRCA,0,42,0.75,Global Low-Rank,385,561,842,0.3679058972108242,0.3419981598115907,0.4233449282901459,16.0,1000.0
BRCA,0,42,0.75,Spatial Direct,385,561,842,0.4054364168727327,0.3839443493748428,0.532881305622282,,10000.0
BRCA,0,42,0.75,Spatial Low-Rank,385,561,842,0.4225759734586135,0.4024093634863987,0.530887401253658,32.0,10000.0
BRCA,0,42,1.0,Global Low-Rank,519,734,1100,0.4008928483175246,0.3709856363926133,0.4659086840099917,16.0,100.0
BRCA,0,42,1.0,Spatial Direct,519,734,1100,0.4150399730578905,0.3918571148973914,0.5495716440747931,,10000.0
BRCA,0,42,1.0,Spatial Low-Rank,519,734,1100,0.4310330027827488,0.4094827319572798,0.55014232811516,32.0,10000.0
BRCA,0,101,0.1,Global Low-Rank,58,89,118,0.2196838311166173,0.2377897913140884,0.2946871458330607,4.0,100.0
BRCA,0,101,0.1,Spatial Direct,58,89,118,0.2202833999305446,0.2430622896414579,0.3414355941598717,,10000.0
BRCA,0,101,0.1,Spatial Low-Rank,58,89,118,0.2329234618156588,0.2537052749259307,0.3254586259307437,4.0,1000.0
BRCA,0,101,0.25,Global Low-Rank,134,192,276,0.2657050246322687,0.2915831833519591,0.3782683541800727,8.0,1000.0
BRCA,0,101,0.25,Spatial Direct,134,192,276,0.2878106793339576,0.3156357773072358,0.4427537692988743,,10000.0
BRCA,0,101,0.25,Spatial Low-Rank,134,192,276,0.3044794604645139,0.3365604494788535,0.445420744603122,8.0,1000.0
BRCA,0,101,0.5,Global Low-Rank,268,382,548,0.3036008695611283,0.3274032797102804,0.3988059393962607,16.0,1000.0
BRCA,0,101,0.5,Spatial Direct,268,382,548,0.3256784761180792,0.3520145072936757,0.4945989243850054,,10000.0
BRCA,0,101,0.5,Spatial Low-Rank,268,382,548,0.3439059081142079,0.3738087663484397,0.4926253517353564,16.0,10000.0
BRCA,0,101,0.75,Global Low-Rank,389,553,831,0.3555819437822141,0.3596559192739498,0.4403362975668854,16.0,100.0
BRCA,0,101,0.75,Spatial Direct,389,553,831,0.3644294442454666,0.3725692780167371,0.5141853493033492,,10000.0
BRCA,0,101,0.75,Spatial Low-Rank,389,553,831,0.3810917464114713,0.3916091566985539,0.5090571435525424,32.0,10000.0
BRCA,0,101,1.0,Global Low-Rank,519,734,1100,0.4008928483175246,0.3709856363926133,0.4659086840099917,16.0,100.0
BRCA,0,101,1.0,Spatial Direct,519,734,1100,0.4150399730578905,0.3918571148973914,0.5495716440747931,,10000.0
BRCA,0,101,1.0,Spatial Low-Rank,519,734,1100,0.4310330027827488,0.4094827319572798,0.55014232811516,32.0,10000.0
BRCA,1,2021,0.1,Global Low-Rank,50,72,106,0.2320163385636718,0.2463396116304806,0.3520777945934232,8.0,10000.0
BRCA,1,2021,0.1,Spatial Direct,50,72,106,0.260795887313288,0.2750598828893259,0.4245590674207104,,10000.0
BRCA,1,2021,0.1,Spatial Low-Rank,50,72,106,0.2941225475308273,0.3114045063627591,0.4117049959954444,8.0,1000.0
BRCA,1,2021,0.25,Global Low-Rank,121,171,272,0.3486377969826711,0.3268776850363692,0.4209437858643783,8.0,100.0
BRCA,1,2021,0.25,Spatial Direct,121,171,272,0.3655318178158085,0.338762245199569,0.4764195554738895,,10000.0
BRCA,1,2021,0.25,Spatial Low-Rank,121,171,272,0.3559474511559631,0.3347389240581621,0.419353967499348,4.0,1.0
BRCA,1,2021,0.5,Global Low-Rank,252,362,557,0.3560080498214455,0.333119215950091,0.4342633017271864,32.0,1000.0
BRCA,1,2021,0.5,Spatial Direct,252,362,557,0.394318645212255,0.3690287154835718,0.5124291386897598,,10000.0
BRCA,1,2021,0.5,Spatial Low-Rank,252,362,557,0.4045024110171378,0.3822015204065705,0.503036798889025,8.0,1000.0
BRCA,1,2021,0.75,Global Low-Rank,382,547,839,0.3749438996557491,0.3539930283810729,0.4736786588454058,16.0,1000.0
BRCA,1,2021,0.75,Spatial Direct,382,547,839,0.4122829376903344,0.3895016082606986,0.5469884336960191,,10000.0
BRCA,1,2021,0.75,Spatial Low-Rank,382,547,839,0.4342943676966387,0.4143090534359869,0.5455864560578363,32.0,10000.0
BRCA,1,2021,1.0,Global Low-Rank,519,733,1100,0.411227310307364,0.3919026426910598,0.5058633314676158,16.0,100.0
BRCA,1,2021,1.0,Spatial Direct,519,733,1100,0.4246475897833904,0.4021771659448234,0.5584958782885578,,10000.0
BRCA,1,2021,1.0,Spatial Low-Rank,519,733,1100,0.4195879097266209,0.3998493604044533,0.5410345199175184,8.0,1000.0
BRCA,1,7,0.1,Global Low-Rank,51,68,105,0.2191397102604661,0.2349086151480126,0.3646420025901196,8.0,10000.0
BRCA,1,7,0.1,Spatial Direct,51,68,105,0.2395930782535568,0.2549776902182839,0.393661907942068,,10000.0
BRCA,1,7,0.1,Spatial Low-Rank,51,68,105,0.2613372140933003,0.2793879391462353,0.3785280145254298,8.0,10000.0
BRCA,1,7,0.25,Global Low-Rank,137,191,273,0.2839307877905188,0.3007955635935582,0.4069858542969795,8.0,1000.0
BRCA,1,7,0.25,Spatial Direct,137,191,273,0.3037774850970489,0.3184090716461761,0.4626824202115863,,10000.0
BRCA,1,7,0.25,Spatial Low-Rank,137,191,273,0.3265282440075086,0.3440340700484504,0.4484304981818776,8.0,1000.0
BRCA,1,7,0.5,Global Low-Rank,259,371,559,0.3678288043918417,0.3429704589756354,0.4628511430615494,8.0,100.0
BRCA,1,7,0.5,Spatial Direct,259,371,559,0.3949143818418477,0.3712726153193438,0.5152740001534906,,10000.0
BRCA,1,7,0.5,Spatial Low-Rank,259,371,559,0.4036812453684268,0.3842869462094813,0.5143620470802726,8.0,1000.0
BRCA,1,7,0.75,Global Low-Rank,389,548,826,0.3881935227556648,0.3671361362642493,0.4858723441805824,8.0,100.0
BRCA,1,7,0.75,Spatial Direct,389,548,826,0.4124359927007024,0.3888522079950807,0.556050003880819,,10000.0
BRCA,1,7,0.75,Spatial Low-Rank,389,548,826,0.4149116651487637,0.3932404325064179,0.5512713236514859,8.0,1000.0
BRCA,1,7,1.0,Global Low-Rank,519,733,1100,0.411227310307364,0.3919026426910598,0.5058633314676158,16.0,100.0
BRCA,1,7,1.0,Spatial Direct,519,733,1100,0.4246475897833904,0.4021771659448234,0.5584958782885578,,10000.0
BRCA,1,7,1.0,Spatial Low-Rank,519,733,1100,0.4195879097266209,0.3998493604044533,0.5410345199175184,8.0,1000.0
BRCA,1,13,0.1,Global Low-Rank,47,69,115,0.1974418468020131,0.220625688078438,0.3108317338614313,4.0,1000.0
BRCA,1,13,0.1,Spatial Direct,47,69,115,0.2278652387621146,0.2496465655031233,0.3392058798163986,,10000.0
BRCA,1,13,0.1,Spatial Low-Rank,47,69,115,0.2523281180614885,0.2791132569300953,0.3730947139149087,4.0,1000.0
BRCA,1,13,0.25,Global Low-Rank,123,170,271,0.2716050360145934,0.2945437413679015,0.4078032497442109,8.0,1000.0
BRCA,1,13,0.25,Spatial Direct,123,170,271,0.3028400031316854,0.3251554024778806,0.4657202205026669,,10000.0
BRCA,1,13,0.25,Spatial Low-Rank,123,170,271,0.3324220296332701,0.3587533594778762,0.4627074858723902,8.0,1000.0
BRCA,1,13,0.5,Global Low-Rank,254,356,551,0.3020670034969153,0.3282298637297424,0.4400353225627593,8.0,1000.0
BRCA,1,13,0.5,Spatial Direct,254,356,551,0.3454402826486099,0.3644966398290425,0.5127241609105047,,10000.0
BRCA,1,13,0.5,Spatial Low-Rank,254,356,551,0.3690244685644143,0.3922945026224457,0.5293458499904509,16.0,10000.0
BRCA,1,13,0.75,Global Low-Rank,389,538,813,0.3742290336262516,0.3753574864630587,0.4976221913136797,8.0,100.0
BRCA,1,13,0.75,Spatial Direct,389,538,813,0.3752361928606273,0.3829281095848876,0.5370084164290279,,10000.0
BRCA,1,13,0.75,Spatial Low-Rank,389,538,813,0.3977788484109102,0.4066396768034488,0.5457312663887759,32.0,10000.0
BRCA,1,13,1.0,Global Low-Rank,519,733,1100,0.411227310307364,0.3919026426910598,0.5058633314676158,16.0,100.0
BRCA,1,13,1.0,Spatial Direct,519,733,1100,0.4246475897833904,0.4021771659448234,0.5584958782885578,,10000.0
BRCA,1,13,1.0,Spatial Low-Rank,519,733,1100,0.4195879097266209,0.3998493604044533,0.5410345199175184,8.0,1000.0
BRCA,1,42,0.1,Global Low-Rank,47,70,114,0.2610080492173172,0.2349614072137325,0.3111805289041429,16.0,100.0
BRCA,1,42,0.1,Spatial Direct,47,70,114,0.2697325835232131,0.2409980810292079,0.380837878894763,,100.0
BRCA,1,42,0.1,Spatial Low-Rank,47,70,114,0.2940734393057244,0.2675750114112034,0.3740790721535964,16.0,1.0
BRCA,1,42,0.25,Global Low-Rank,124,185,286,0.3120625129105742,0.2872771753274687,0.3906170674169601,32.0,1000.0
BRCA,1,42,0.25,Spatial Direct,124,185,286,0.3450109352716969,0.3187850092521948,0.4648452893497646,,10000.0
BRCA,1,42,0.25,Spatial Low-Rank,124,185,286,0.3595213804535089,0.3343465481449135,0.4556534141437881,32.0,10000.0
BRCA,1,42,0.5,Global Low-Rank,255,370,566,0.3493072209216925,0.3255138273731385,0.4175627134727971,8.0,1000.0
BRCA,1,42,0.5,Spatial Direct,255,370,566,0.3844861879678203,0.3614964751025009,0.5095329320709684,,10000.0
BRCA,1,42,0.5,Spatial Low-Rank,255,370,566,0.3971997971031212,0.3758707529120966,0.5026776255702905,8.0,1000.0
BRCA,1,42,0.75,Global Low-Rank,389,561,841,0.3768773994117979,0.3542198184831359,0.4643363289829335,16.0,1000.0
BRCA,1,42,0.75,Spatial Direct,389,561,841,0.4107815966261637,0.3869091783213696,0.5461620558812357,,10000.0
BRCA,1,42,0.75,Spatial Low-Rank,389,561,841,0.4313800719987772,0.4103651737867611,0.5525669087875156,32.0,10000.0
BRCA,1,42,1.0,Global Low-Rank,519,733,1100,0.411227310307364,0.3919026426910598,0.5058633314676158,16.0,100.0
BRCA,1,42,1.0,Spatial Direct,519,733,1100,0.4246475897833904,0.4021771659448234,0.5584958782885578,,10000.0
BRCA,1,42,1.0,Spatial Low-Rank,519,733,1100,0.4195879097266209,0.3998493604044533,0.5410345199175184,8.0,1000.0
BRCA,1,101,0.1,Global Low-Rank,43,64,117,0.2102203161401753,0.2220738000695418,0.2760975861462714,16.0,10000.0
BRCA,1,101,0.1,Spatial Direct,43,64,117,0.233095924898495,0.2509536494262739,0.3495700753712555,,10000.0
BRCA,1,101,0.1,Spatial Low-Rank,43,64,117,0.2544521726104227,0.2714973991743394,0.3683271402616702,8.0,10000.0
BRCA,1,101,0.25,Global Low-Rank,125,178,276,0.2873339426970862,0.3003955549365332,0.3976256810827484,8.0,1000.0
BRCA,1,101,0.25,Spatial Direct,125,178,276,0.2948296555626457,0.3109518768476287,0.4660083845644025,,10000.0
BRCA,1,101,0.25,Spatial Low-Rank,125,178,276,0.317403812855647,0.3358329847188343,0.4824226295072357,16.0,10000.0
BRCA,1,101,0.5,Global Low-Rank,249,348,552,0.3526451914342163,0.3282546968966802,0.4350709865067941,8.0,1000.0
BRCA,1,101,0.5,Spatial Direct,249,348,552,0.3905239001478657,0.3638965321631331,0.5142639693372725,,10000.0
BRCA,1,101,0.5,Spatial Low-Rank,249,348,552,0.4009484643853582,0.3776722612891653,0.5112989990533702,8.0,1000.0
BRCA,1,101,0.75,Global Low-Rank,387,550,832,0.3722329357543485,0.3510289030724429,0.460289651017415,32.0,1000.0
BRCA,1,101,0.75,Spatial Direct,387,550,832,0.4094716167400504,0.3857438800538493,0.5344185813737665,,10000.0
BRCA,1,101,0.75,Spatial Low-Rank,387,550,832,0.4302149623218373,0.4094934422496589,0.5434150293938145,32.0,10000.0
BRCA,1,101,1.0,Global Low-Rank,519,733,1100,0.411227310307364,0.3919026426910598,0.5058633314676158,16.0,100.0
BRCA,1,101,1.0,Spatial Direct,519,733,1100,0.4246475897833904,0.4021771659448234,0.5584958782885578,,10000.0
BRCA,1,101,1.0,Spatial Low-Rank,519,733,1100,0.4195879097266209,0.3998493604044533,0.5410345199175184,8.0,1000.0
BRCA,2,2021,0.1,Global Low-Rank,47,65,107,0.2217741491548326,0.2467400816716823,0.2623344459996434,8.0,1000.0
BRCA,2,2021,0.1,Spatial Direct,47,65,107,0.2371776797622711,0.2612643795633949,0.3275074175925686,,10000.0
BRCA,2,2021,0.1,Spatial Low-Rank,47,65,107,0.2564133340607053,0.2799774561480429,0.3085717955027375,8.0,1000.0
BRCA,2,2021,0.25,Global Low-Rank,123,173,271,0.2856483379516296,0.2690873410747376,0.3393998915999478,4.0,100.0
BRCA,2,2021,0.25,Spatial Direct,123,173,271,0.3044785881788431,0.3101675508198484,0.4257152954597517,,10000.0
BRCA,2,2021,0.25,Spatial Low-Rank,123,173,271,0.3289918595903187,0.3325087380038902,0.4352356351537207,8.0,1000.0
BRCA,2,2021,0.5,Global Low-Rank,254,361,553,0.3488359990961692,0.3389261912427315,0.4295794133429857,8.0,100.0
BRCA,2,2021,0.5,Spatial Direct,254,361,553,0.3485934825884541,0.35818090476716,0.4868398285372355,,10000.0
BRCA,2,2021,0.5,Spatial Low-Rank,254,361,553,0.3662395794424066,0.379997553295004,0.5063933526213055,8.0,1000.0
BRCA,2,2021,0.75,Global Low-Rank,385,553,839,0.380276637142979,0.3690729869134861,0.44561209168599,16.0,100.0
BRCA,2,2021,0.75,Spatial Direct,385,553,839,0.3791673755066605,0.3821752008557268,0.5400922258749343,,10000.0
BRCA,2,2021,0.75,Spatial Low-Rank,385,553,839,0.4010716388004888,0.4055289856411886,0.5397935014258974,16.0,10000.0
BRCA,2,2021,1.0,Global Low-Rank,518,733,1100,0.3865011690506296,0.3820272966451254,0.4622759028094766,8.0,10.0
BRCA,2,2021,1.0,Spatial Direct,518,733,1100,0.3906391251630918,0.3980295517693715,0.5402987596620275,,10000.0
BRCA,2,2021,1.0,Spatial Low-Rank,518,733,1100,0.4114511769681892,0.4205950536022586,0.5486385854880127,32.0,10000.0
BRCA,2,7,0.1,Global Low-Rank,46,67,113,0.2116389970655824,0.2253509775147768,0.3146832656052696,4.0,1000.0
BRCA,2,7,0.1,Spatial Direct,46,67,113,0.2442269258824161,0.2550480987744704,0.3958289521613437,,10000.0
BRCA,2,7,0.1,Spatial Low-Rank,46,67,113,0.2614274186586052,0.2726294370725865,0.3835293583644197,4.0,1000.0
BRCA,2,7,0.25,Global Low-Rank,126,184,282,0.2801496735719672,0.2792641965384665,0.3736401953309958,4.0,100.0
BRCA,2,7,0.25,Spatial Direct,126,184,282,0.3003453143629742,0.3120874835705056,0.4538760529119559,,10000.0
BRCA,2,7,0.25,Spatial Low-Rank,126,184,282,0.3252393647892685,0.3370206103066431,0.4620464882590176,8.0,1000.0
BRCA,2,7,0.5,Global Low-Rank,265,383,560,0.343579504126507,0.3361926273649914,0.4104019349082925,8.0,100.0
BRCA,2,7,0.5,Spatial Direct,265,383,560,0.3604340910176798,0.3617220875103146,0.521552252847125,,10000.0
BRCA,2,7,0.5,Spatial Low-Rank,265,383,560,0.374625920460843,0.3798165259459301,0.5141519342277814,8.0,1000.0
BRCA,2,7,0.75,Global Low-Rank,391,555,827,0.3785445281042053,0.3696097939574774,0.4518780828058418,16.0,100.0
BRCA,2,7,0.75,Spatial Direct,391,555,827,0.3852538362149985,0.3908214070432881,0.5455667367957024,,10000.0
BRCA,2,7,0.75,Spatial Low-Rank,391,555,827,0.3843454277372667,0.3950017021384824,0.5244623582121937,8.0,1000.0
BRCA,2,7,1.0,Global Low-Rank,518,733,1100,0.3865011690506296,0.3820272966451254,0.4622759028094766,8.0,10.0
BRCA,2,7,1.0,Spatial Direct,518,733,1100,0.3906391251630918,0.3980295517693715,0.5402987596620275,,10000.0
BRCA,2,7,1.0,Spatial Low-Rank,518,733,1100,0.4114511769681892,0.4205950536022586,0.5486385854880127,32.0,10000.0
BRCA,2,13,0.1,Global Low-Rank,49,67,105,0.1926271522701105,0.2161572131662833,0.2802157322242432,4.0,100.0
BRCA,2,13,0.1,Spatial Direct,49,67,105,0.2251559486131894,0.2461857316626105,0.3340042191715198,,10000.0
BRCA,2,13,0.1,Spatial Low-Rank,49,67,105,0.2383237853970211,0.2582138621549587,0.3547057263830851,4.0,1000.0
BRCA,2,13,0.25,Global Low-Rank,130,181,269,0.282449870677202,0.2839182913513312,0.3515001132280205,8.0,1000.0
BRCA,2,13,0.25,Spatial Direct,130,181,269,0.3079191577934492,0.3203035018124124,0.4105537248000115,,10000.0
BRCA,2,13,0.25,Spatial Low-Rank,130,181,269,0.3234219913362324,0.339350822275471,0.4268623682120468,8.0,1000.0
BRCA,2,13,0.5,Global Low-Rank,255,366,552,0.3372331326886528,0.3417923884316036,0.4197683605017419,8.0,100.0
BRCA,2,13,0.5,Spatial Direct,255,366,552,0.3582915254798681,0.3686488910018079,0.4918116909641145,,10000.0
BRCA,2,13,0.5,Spatial Low-Rank,255,366,552,0.3648551846050988,0.379511252287713,0.4903740264479047,8.0,1000.0
BRCA,2,13,0.75,Global Low-Rank,384,538,815,0.374623570567327,0.3750792790057691,0.4520469877513253,16.0,100.0
BRCA,2,13,0.75,Spatial Direct,384,538,815,0.3737807346720186,0.3863218647950652,0.5179966307734103,,10000.0
BRCA,2,13,0.75,Spatial Low-Rank,384,538,815,0.3682549466579212,0.3868019310457412,0.5162550830153623,8.0,1000.0
BRCA,2,13,1.0,Global Low-Rank,518,733,1100,0.3865011690506296,0.3820272966451254,0.4622759028094766,8.0,10.0
BRCA,2,13,1.0,Spatial Direct,518,733,1100,0.3906391251630918,0.3980295517693715,0.5402987596620275,,10000.0
BRCA,2,13,1.0,Spatial Low-Rank,518,733,1100,0.4114511769681892,0.4205950536022586,0.5486385854880127,32.0,10000.0
BRCA,2,42,0.1,Global Low-Rank,50,75,116,0.2215273010772201,0.2100780832468085,0.2789988033482501,4.0,1000.0
BRCA,2,42,0.1,Spatial Direct,50,75,116,0.2401175190362101,0.245582907210298,0.3543969878068457,,10000.0
BRCA,2,42,0.1,Spatial Low-Rank,50,75,116,0.2705061591579662,0.2801178655153331,0.3665159024723632,8.0,1000.0
BRCA,2,42,0.25,Global Low-Rank,126,188,286,0.3029249702912832,0.2907303607535722,0.3562497227226823,16.0,1000.0
BRCA,2,42,0.25,Spatial Direct,126,188,286,0.3228084432720508,0.3259589933496506,0.4535509275821122,,10000.0
BRCA,2,42,0.25,Spatial Low-Rank,126,188,286,0.3434333014642581,0.3473062662391382,0.4537785213821708,8.0,1000.0
BRCA,2,42,0.5,Global Low-Rank,258,372,563,0.3465654423461507,0.3375218966939418,0.4064689319682407,8.0,100.0
BRCA,2,42,0.5,Spatial Direct,258,372,563,0.3639305748033983,0.3682906289802804,0.4869863989444732,,10000.0
BRCA,2,42,0.5,Spatial Low-Rank,258,372,563,0.3730901304613173,0.3790889908314984,0.4841519761043841,8.0,1000.0
BRCA,2,42,0.75,Global Low-Rank,388,560,841,0.3822044649900633,0.3725437616021257,0.4488992744589956,16.0,100.0
BRCA,2,42,0.75,Spatial Direct,388,560,841,0.3945508077361722,0.397772415485466,0.5649795168738163,,10000.0
BRCA,2,42,0.75,Spatial Low-Rank,388,560,841,0.4068297550661541,0.4130785224339869,0.5701516618447469,16.0,1000.0
BRCA,2,42,1.0,Global Low-Rank,518,733,1100,0.3865011690506296,0.3820272966451254,0.4622759028094766,8.0,10.0
BRCA,2,42,1.0,Spatial Direct,518,733,1100,0.3906391251630918,0.3980295517693715,0.5402987596620275,,10000.0
BRCA,2,42,1.0,Spatial Low-Rank,518,733,1100,0.4114511769681892,0.4205950536022586,0.5486385854880127,32.0,10000.0
BRCA,2,101,0.1,Global Low-Rank,59,89,118,0.2252904118107254,0.2551086052673166,0.3554394887944738,4.0,1000.0
BRCA,2,101,0.1,Spatial Direct,59,89,118,0.2472571805584194,0.2639479459647129,0.3752182397030817,,10000.0
BRCA,2,101,0.1,Spatial Low-Rank,59,89,118,0.2616206798142739,0.2800507082687656,0.3708690132214829,4.0,1.0
BRCA,2,101,0.25,Global Low-Rank,139,206,285,0.2820743239174595,0.2724334226547666,0.3558813849166675,4.0,1000.0
BRCA,2,101,0.25,Spatial Direct,139,206,285,0.311789462015448,0.3216407481103472,0.4395425595343487,,10000.0
BRCA,2,101,0.25,Spatial Low-Rank,139,206,285,0.3342703240934691,0.3496999468666251,0.4693722774953021,8.0,1000.0
BRCA,2,101,0.5,Global Low-Rank,265,378,555,0.3512681903208243,0.3389367384435423,0.4322054816455812,8.0,100.0
BRCA,2,101,0.5,Spatial Direct,265,378,555,0.3604996858903694,0.3631360454957578,0.506403245365148,,10000.0
BRCA,2,101,0.5,Spatial Low-Rank,265,378,555,0.3657462103957909,0.3724621321857603,0.5048227733258615,8.0,1000.0
BRCA,2,101,0.75,Global Low-Rank,393,564,835,0.3805986351465754,0.3728158994668141,0.4712722912298709,8.0,10.0
BRCA,2,101,0.75,Spatial Direct,393,564,835,0.3774147853252281,0.3844050142369135,0.5244737682480365,,10000.0
BRCA,2,101,0.75,Spatial Low-Rank,393,564,835,0.3973999712818895,0.405883258547132,0.5274128842361525,32.0,10000.0
BRCA,2,101,1.0,Global Low-Rank,518,733,1100,0.3865011690506296,0.3820272966451254,0.4622759028094766,8.0,10.0
BRCA,2,101,1.0,Spatial Direct,518,733,1100,0.3906391251630918,0.3980295517693715,0.5402987596620275,,10000.0
BRCA,2,101,1.0,Spatial Low-Rank,518,733,1100,0.4114511769681892,0.4205950536022586,0.5486385854880127,32.0,10000.0
BRCA,3,2021,0.1,Global Low-Rank,49,67,107,0.1809795405008827,0.2002157901724503,0.2922405597330066,48.0,10000.0
BRCA,3,2021,0.1,Spatial Direct,49,67,107,0.2308121447830449,0.2451055822281793,0.3704927604667305,,10000.0
BRCA,3,2021,0.1,Spatial Low-Rank,49,67,107,0.2360147397878927,0.2511169136716462,0.3745246644652681,32.0,10000.0
BRCA,3,2021,0.25,Global Low-Rank,125,174,274,0.255591946733178,0.2768760468769682,0.3980951883354882,8.0,1000.0
BRCA,3,2021,0.25,Spatial Direct,125,174,274,0.2766132030304771,0.2949464164583172,0.449452262323811,,10000.0
BRCA,3,2021,0.25,Spatial Low-Rank,125,174,274,0.2909313752034561,0.3113571591288542,0.4501043696057223,32.0,10000.0
BRCA,3,2021,0.5,Global Low-Rank,253,357,557,0.304529037220813,0.3247129973373932,0.4367492345007638,16.0,1000.0
BRCA,3,2021,0.5,Spatial Direct,253,357,557,0.3283594269167778,0.3461352407767985,0.5029169822930057,,10000.0
BRCA,3,2021,0.5,Spatial Low-Rank,253,357,557,0.347308045341943,0.3688440575625735,0.511793583855402,32.0,10000.0
BRCA,3,2021,0.75,Global Low-Rank,386,552,841,0.3476676129024711,0.3628229003875353,0.4683978237572572,16.0,100.0
BRCA,3,2021,0.75,Spatial Direct,386,552,841,0.3555790557812496,0.3709643569229344,0.5292930911191827,,10000.0
BRCA,3,2021,0.75,Spatial Low-Rank,386,552,841,0.3764580377315767,0.3958948762830883,0.5347652361887857,32.0,10000.0
BRCA,3,2021,1.0,Global Low-Rank,518,734,1101,0.3608667037648745,0.3769343987836414,0.4917456753558367,16.0,100.0
BRCA,3,2021,1.0,Spatial Direct,518,734,1101,0.3703204938632684,0.3866583891713381,0.5586663723930743,,10000.0
BRCA,3,2021,1.0,Spatial Low-Rank,518,734,1101,0.3915477819007393,0.4123860786954786,0.5630395970652067,32.0,10000.0
BRCA,3,7,0.1,Global Low-Rank,53,74,107,0.2275032763515883,0.2337942445105696,0.3502142861195306,8.0,1000.0
BRCA,3,7,0.1,Spatial Direct,53,74,107,0.2365764537783367,0.2455494023323349,0.3562115069690042,,10000.0
BRCA,3,7,0.1,Spatial Low-Rank,53,74,107,0.2585187825519482,0.2664508231899194,0.3565052214245897,8.0,1000.0
BRCA,3,7,0.25,Global Low-Rank,132,189,272,0.2861179938962845,0.2974277859448678,0.3945177462664575,8.0,1000.0
BRCA,3,7,0.25,Spatial Direct,132,189,272,0.3086086122000884,0.3186593214093386,0.4754913338122036,,10000.0
BRCA,3,7,0.25,Spatial Low-Rank,132,189,272,0.3299603349769607,0.3407746109588758,0.4744320036757254,8.0,1000.0
BRCA,3,7,0.5,Global Low-Rank,260,374,560,0.3090621709232655,0.3194382279540623,0.4477353177593793,32.0,1000.0
BRCA,3,7,0.5,Spatial Direct,260,374,560,0.341591464483764,0.3540182411073564,0.5176755217810584,,10000.0
BRCA,3,7,0.5,Spatial Low-Rank,260,374,560,0.3614663731631455,0.3768501831020165,0.5188759572372408,32.0,10000.0
BRCA,3,7,0.75,Global Low-Rank,389,545,823,0.3462958290335325,0.3601665370888685,0.4865277768618497,16.0,100.0
BRCA,3,7,0.75,Spatial Direct,389,545,823,0.3577093275757758,0.3730726343766646,0.5430168378659008,,10000.0
BRCA,3,7,0.75,Spatial Low-Rank,389,545,823,0.3779586066391509,0.3975073274581402,0.5501882434420888,32.0,10000.0
BRCA,3,7,1.0,Global Low-Rank,518,734,1101,0.3608667037648745,0.3769343987836414,0.4917456753558367,16.0,100.0
BRCA,3,7,1.0,Spatial Direct,518,734,1101,0.3703204938632684,0.3866583891713381,0.5586663723930743,,10000.0
BRCA,3,7,1.0,Spatial Low-Rank,518,734,1101,0.3915477819007393,0.4123860786954786,0.5630395970652067,32.0,10000.0
BRCA,3,13,0.1,Global Low-Rank,55,79,115,0.2165556001882917,0.2266136224547494,0.2702120367546101,4.0,1000.0
BRCA,3,13,0.1,Spatial Direct,55,79,115,0.2376159973798076,0.2480207261463007,0.3562709841462603,,10000.0
BRCA,3,13,0.1,Spatial Low-Rank,55,79,115,0.2548569406580431,0.2683984271611648,0.3560709523639043,16.0,10000.0
BRCA,3,13,0.25,Global Low-Rank,130,182,272,0.2730340888768682,0.2911272138542441,0.3671379294788289,8.0,1000.0
BRCA,3,13,0.25,Spatial Direct,130,182,272,0.2967995566253899,0.3130434658672822,0.4260301866346847,,10000.0
BRCA,3,13,0.25,Spatial Low-Rank,130,182,272,0.3190934974614139,0.3381160523959653,0.4356202695621073,16.0,10000.0
BRCA,3,13,0.5,Global Low-Rank,254,360,553,0.3166779048263086,0.3329570833575093,0.4240791883634585,16.0,1000.0
BRCA,3,13,0.5,Spatial Direct,254,360,553,0.3378964248038603,0.3527791587053779,0.5080263900099609,,10000.0
BRCA,3,13,0.5,Spatial Low-Rank,254,360,553,0.3646464841822339,0.3794160119608343,0.5036051307862378,16.0,1000.0
BRCA,3,13,0.75,Global Low-Rank,381,531,811,0.3594015594914622,0.3744526839064634,0.4763084107133353,16.0,100.0
BRCA,3,13,0.75,Spatial Direct,381,531,811,0.3656854668637926,0.3786367044019332,0.5447354957646566,,10000.0
BRCA,3,13,0.75,Spatial Low-Rank,381,531,811,0.3882320641387021,0.404354346333118,0.5522678641686569,32.0,10000.0
BRCA,3,13,1.0,Global Low-Rank,518,734,1101,0.3608667037648745,0.3769343987836414,0.4917456753558367,16.0,100.0
BRCA,3,13,1.0,Spatial Direct,518,734,1101,0.3703204938632684,0.3866583891713381,0.5586663723930743,,10000.0
BRCA,3,13,1.0,Spatial Low-Rank,518,734,1101,0.3915477819007393,0.4123860786954786,0.5630395970652067,32.0,10000.0
BRCA,3,42,0.1,Global Low-Rank,48,68,115,0.2045601150536268,0.2241116319194015,0.3307730203517723,4.0,1000.0
BRCA,3,42,0.1,Spatial Direct,48,68,115,0.2288516329812415,0.245791551359043,0.3622341830712953,,10000.0
BRCA,3,42,0.1,Spatial Low-Rank,48,68,115,0.2475823063264622,0.2675627865818047,0.3929854134754636,8.0,1000.0
BRCA,3,42,0.25,Global Low-Rank,129,190,287,0.2628640659401025,0.2804765101084223,0.3646329123157546,8.0,1000.0
BRCA,3,42,0.25,Spatial Direct,129,190,287,0.299612104541665,0.3161650063507079,0.4281153756978066,,10000.0
BRCA,3,42,0.25,Spatial Low-Rank,129,190,287,0.3263921374493024,0.3436807289091253,0.4644394707536392,8.0,1000.0
BRCA,3,42,0.5,Global Low-Rank,262,378,567,0.311084914616868,0.3441762502788656,0.4319601591119316,8.0,100.0
BRCA,3,42,0.5,Spatial Direct,262,378,567,0.347293749919278,0.3620954387923145,0.5067601135633182,,10000.0
BRCA,3,42,0.5,Spatial Low-Rank,262,378,567,0.3667106532947652,0.3846696730355948,0.5214460811046364,32.0,10000.0
BRCA,3,42,0.75,Global Low-Rank,389,557,841,0.3536273472171756,0.3702605896979796,0.4598295611827142,16.0,100.0
BRCA,3,42,0.75,Spatial Direct,389,557,841,0.3579571937562458,0.3754301354865089,0.5278488114743528,,10000.0
BRCA,3,42,0.75,Spatial Low-Rank,389,557,841,0.3786157744085497,0.4000143452742382,0.5304842256176048,32.0,10000.0
BRCA,3,42,1.0,Global Low-Rank,518,734,1101,0.3608667037648745,0.3769343987836414,0.4917456753558367,16.0,100.0
BRCA,3,42,1.0,Spatial Direct,518,734,1101,0.3703204938632684,0.3866583891713381,0.5586663723930743,,10000.0
BRCA,3,42,1.0,Spatial Low-Rank,518,734,1101,0.3915477819007393,0.4123860786954786,0.5630395970652067,32.0,10000.0
BRCA,3,101,0.1,Global Low-Rank,48,71,117,0.228143001657684,0.2435544170180598,0.3155814356132659,4.0,1000.0
BRCA,3,101,0.1,Spatial Direct,48,71,117,0.2208251755001141,0.2320522096908901,0.3441185485464126,,10000.0
BRCA,3,101,0.1,Spatial Low-Rank,48,71,117,0.247810588043034,0.2603061976136643,0.3512687822055939,8.0,1000.0
BRCA,3,101,0.25,Global Low-Rank,125,178,279,0.2654158541817462,0.2867858054118196,0.3523687428417613,8.0,1000.0
BRCA,3,101,0.25,Spatial Direct,125,178,279,0.2959888410084316,0.3124453777518498,0.4347387590522815,,10000.0
BRCA,3,101,0.25,Spatial Low-Rank,125,178,279,0.3198769549965466,0.3380281969165051,0.4432835856608894,8.0,1000.0
BRCA,3,101,0.5,Global Low-Rank,258,367,555,0.3021041439892867,0.3172413792068009,0.393969479282698,16.0,1000.0
BRCA,3,101,0.5,Spatial Direct,258,367,555,0.33966140203109,0.3574593580029244,0.5166121530708159,,10000.0
BRCA,3,101,0.5,Spatial Low-Rank,258,367,555,0.3600772590845633,0.3816750114399069,0.535506130903,32.0,10000.0
BRCA,3,101,0.75,Global Low-Rank,386,554,834,0.3476744231241608,0.363215481669948,0.4688675833146593,16.0,100.0
BRCA,3,101,0.75,Spatial Direct,386,554,834,0.362097071485043,0.3788788203486603,0.5574224916736699,,10000.0
BRCA,3,101,0.75,Spatial Low-Rank,386,554,834,0.3824079512275332,0.4036544008722203,0.5653706496038582,32.0,10000.0
BRCA,3,101,1.0,Global Low-Rank,518,734,1101,0.3608667037648745,0.3769343987836414,0.4917456753558367,16.0,100.0
BRCA,3,101,1.0,Spatial Direct,518,734,1101,0.3703204938632684,0.3866583891713381,0.5586663723930743,,10000.0
BRCA,3,101,1.0,Spatial Low-Rank,518,734,1101,0.3915477819007393,0.4123860786954786,0.5630395970652067,32.0,10000.0
