cohort,collection,fold,model,n_sets,SCC_median,SCC_mean,PCC_median,PCC_mean
KIRC,hallmark,0,MoSPR (ours),50,0.4125373002195242,0.4041312900479533,0.3724246398547751,0.3826699147501031
KIRC,hallmark,0,Max,50,0.2752608792277025,0.2234301528363187,0.2575552539751122,0.2171522297942339
KIRC,hallmark,0,Mean,50,0.3130616676185845,0.3090866265241236,0.3364161685184663,0.3145653944547726
KIRC,hallmark,0,AbMIL,50,0.3412031479121235,0.3638411387120092,0.3976686711536564,0.4157974862397976
KIRC,hallmark,0,ILRA,50,0.2289948455493737,0.2500000064594089,0.35412190191511,0.3604364451283842
KIRC,hallmark,0,S4MIL,50,0.2566184986042491,0.2737026452617345,0.3089391040389754,0.3063667784983901
KIRC,hallmark,0,MambaMIL,50,0.2900732583860458,0.3001880384420503,0.3728974549491807,0.3749271492294058
KIRC,hallmark,0,SRMambaMIL,50,0.3382197909820708,0.3366355636488039,0.4559400820804278,0.4760320943666496
KIRC,hallmark,0,2DMamba,50,0.3843682184740981,0.3831952527739484,0.4815903293176372,0.468880844907819
KIRC,hallmark,0,AbReg,50,0.2943250820397776,0.3303243356666229,0.3727212163138476,0.3737110126784954
KIRC,hallmark,0,HE2RNA,50,0.2888203924829987,0.3126290928643581,0.3238214333282655,0.323001407522552
KIRC,hallmark,0,MOSBY,50,0.1932797668706525,0.215207416305278,0.195158767357755,0.2207382493172442
KIRC,hallmark,0,SEQUOIA VIS,50,0.331497037352885,0.3397586079266677,0.4001038407946189,0.4151510703972765
KIRC,hallmark,0,tRNAformer,50,0.3496629929155053,0.3333435264816038,0.428287418566131,0.4365020435819627
KIRC,hallmark,0,CPNN,50,0.3278230440940931,0.3085088201304464,0.3614790933653954,0.3461602803092545
KIRC,gobp,0,MoSPR (ours),4680,0.3894234843903681,0.3867080707853955,0.3638459344587469,0.3648448202224831
KIRC,gobp,0,Max,4680,0.2490016979465479,0.1993284296568066,0.196683148093941,0.2012820544298353
KIRC,gobp,0,Mean,4680,0.3038391824989322,0.2827923400117542,0.2738707334122045,0.2787699975677574
KIRC,gobp,0,AbMIL,4680,0.3234998166843927,0.3308884140561307,0.3640172227976962,0.370703211421945
KIRC,gobp,0,ILRA,4680,0.2651467472057858,0.2665426114000364,0.3556408893951263,0.3442708391328393
KIRC,gobp,0,S4MIL,4680,0.2870508994044135,0.2855971301129664,0.3136911187206735,0.3057870160412596
KIRC,gobp,0,MambaMIL,4680,0.3137265025901249,0.3191825365106048,0.3744193850552034,0.3768937528064607
KIRC,gobp,0,SRMambaMIL,4680,0.3015002594672858,0.3132228253265451,0.4203645882693799,0.4218976519532905
KIRC,gobp,0,2DMamba,4680,0.3442081059784357,0.348244103151093,0.4164951828922917,0.4117612455053196
KIRC,gobp,0,AbReg,4680,0.3073583676145315,0.3213176652325527,0.3512621133611583,0.3592414228881215
KIRC,gobp,0,HE2RNA,4680,0.3093642731288449,0.3083367780550762,0.3149718595801472,0.3144132790094237
KIRC,gobp,0,MOSBY,4680,0.2050511860689179,0.215923319757986,0.2104664438369589,0.2245115913619729
KIRC,gobp,0,SEQUOIA VIS,4680,0.3156682047272228,0.3280538100789615,0.3638796708649908,0.3697666543708188
KIRC,gobp,0,tRNAformer,4680,0.312150219674749,0.3191691647815862,0.3879812403967434,0.3882183918704973
KIRC,gobp,0,CPNN,4680,0.3103723261542851,0.3119021712423306,0.3387265329390141,0.3403353339371221
KIRC,kegg,0,MoSPR (ours),178,0.4025821765617394,0.4075283715721402,0.3869574809104625,0.3846016019762321
KIRC,kegg,0,Max,178,0.2729081554701126,0.2266784607819331,0.2333129651181195,0.2236248423887022
KIRC,kegg,0,Mean,178,0.3386146117503681,0.3159730746965273,0.3116302250526503,0.3107021879763965
KIRC,kegg,0,AbMIL,178,0.3610659927342348,0.3747786084250229,0.4075706628283254,0.4123590514779291
KIRC,kegg,0,ILRA,178,0.2625846124327919,0.2708887054231071,0.3786866157764086,0.3641096420552345
KIRC,kegg,0,S4MIL,178,0.3049702419947386,0.3056129634435165,0.3359835485094558,0.3228521304829896
KIRC,kegg,0,MambaMIL,178,0.3236432242278928,0.3289193961462467,0.386135635743644,0.3856738554365972
KIRC,kegg,0,SRMambaMIL,178,0.3303677779517668,0.3542201584734785,0.4585455956234684,0.466304974430435
KIRC,kegg,0,2DMamba,178,0.3549882730350183,0.3577730869370736,0.4292384813808324,0.4195526846041135
KIRC,kegg,0,AbReg,178,0.3299075537431284,0.3296644600570777,0.368071769776197,0.3671325439906859
KIRC,kegg,0,HE2RNA,178,0.319835423930605,0.307200970571113,0.3320728799029526,0.3179237638339923
KIRC,kegg,0,MOSBY,178,0.2359030089314529,0.2546030262945698,0.2340716425146201,0.2566686039597573
KIRC,kegg,0,SEQUOIA VIS,178,0.3395284598204547,0.3527952385762551,0.4011261084479288,0.3972842110695689
KIRC,kegg,0,tRNAformer,178,0.3445513240323357,0.3410663541996691,0.4290413078044331,0.4183795359927955
KIRC,kegg,0,CPNN,178,0.3766824141866793,0.3669055673223116,0.388881699599205,0.384216815171683
KIRC,hallmark,1,MoSPR (ours),50,0.4324679353569081,0.4439585940666129,0.3748024821174478,0.3954657919096163
KIRC,hallmark,1,Max,50,0.355008302883105,0.3271331190929377,0.2842205103346295,0.3065157409813216
KIRC,hallmark,1,Mean,50,0.3839613908847407,0.3809687758678304,0.3849137219529811,0.3714966790378391
KIRC,hallmark,1,AbMIL,50,0.3851375661919722,0.4116155807391963,0.3588868984323636,0.4051083257725376
KIRC,hallmark,1,ILRA,50,0.340934504269161,0.3415351475636474,0.3539867653258166,0.3578524245628764
KIRC,hallmark,1,S4MIL,50,0.3787028002458155,0.4151116916114057,0.4247977322465419,0.4553837202617565
KIRC,hallmark,1,MambaMIL,50,0.3330518091156078,0.3383762069461775,0.3294823120135758,0.3529555734346871
KIRC,hallmark,1,SRMambaMIL,50,0.2596764240222637,0.2613681134246937,0.2563120175314929,0.265491283883547
KIRC,hallmark,1,2DMamba,50,0.4444782363783623,0.4301381067285982,0.3964512227897065,0.3855135794267412
KIRC,hallmark,1,AbReg,50,0.4249858482000027,0.4181056745580608,0.4028957029782684,0.4174244257646007
KIRC,hallmark,1,HE2RNA,50,0.3747358039863266,0.3759041381248432,0.3339711255291668,0.3434704139868067
KIRC,hallmark,1,MOSBY,50,0.2241920821728396,0.2235960800685584,0.1903645346659483,0.1845661788166392
KIRC,hallmark,1,SEQUOIA VIS,50,0.4245040193747661,0.4420160116926237,0.4449123882792906,0.4518165366650198
KIRC,hallmark,1,tRNAformer,50,0.3695297320786692,0.3818505531521594,0.3806349974026963,0.3902030098811778
KIRC,hallmark,1,CPNN,50,0.2203814207413109,0.2564563418306714,0.2066260279179396,0.249929064519368
KIRC,gobp,1,MoSPR (ours),4680,0.4685953263229026,0.4577056984042661,0.4137997807949995,0.4036953695994456
KIRC,gobp,1,Max,4680,0.3740432895530969,0.3146527691110262,0.2904908955062028,0.2942056457659273
KIRC,gobp,1,Mean,4680,0.4157040784727904,0.3784596654527279,0.3631778100756055,0.3609345703078043
KIRC,gobp,1,AbMIL,4680,0.4288697915821376,0.4248988342348771,0.4147169797934068,0.4085745331647539
KIRC,gobp,1,ILRA,4680,0.3685788987695522,0.3508899645200045,0.3606417328403635,0.3459833140593231
KIRC,gobp,1,S4MIL,4680,0.4243629516198489,0.4219233615573355,0.4495183278726802,0.4462632667043082
KIRC,gobp,1,MambaMIL,4680,0.3494846758561536,0.3488776392856232,0.3657608510932874,0.3611707390918215
KIRC,gobp,1,SRMambaMIL,4680,0.2716604656780841,0.2807504598288523,0.2709854182940058,0.2781598987341792
KIRC,gobp,1,2DMamba,4680,0.4360428731806531,0.431767181401796,0.391174085976396,0.3870297250772827
KIRC,gobp,1,AbReg,4680,0.4334016695442169,0.4262094385995203,0.4221665927113358,0.4169875087473941
KIRC,gobp,1,HE2RNA,4680,0.4299183341587298,0.4097755258687394,0.3917624646576725,0.3770376643093953
KIRC,gobp,1,MOSBY,4680,0.2619841947834411,0.2625171970106885,0.2239202999593535,0.2239349631991561
KIRC,gobp,1,SEQUOIA VIS,4680,0.4453643372977771,0.4400780675859127,0.456410639529667,0.4464257964967968
KIRC,gobp,1,tRNAformer,4680,0.3967100075585537,0.3883270853213812,0.3827953569126346,0.3767806523838
KIRC,gobp,1,CPNN,4680,0.2837300029429451,0.2839020740780907,0.265916569923354,0.26138972412613
KIRC,kegg,1,MoSPR (ours),178,0.5023825803328686,0.4727973188599537,0.4457157058117632,0.4266620712763345
KIRC,kegg,1,Max,178,0.3876480836831604,0.3312536017905612,0.3343715850811546,0.3158272555371698
KIRC,kegg,1,Mean,178,0.4393747592015538,0.3998449929376381,0.3892042712556087,0.3785349088732601
KIRC,kegg,1,AbMIL,178,0.4654661870320127,0.4368104398588014,0.4650864275146331,0.4291809641000901
KIRC,kegg,1,ILRA,178,0.395179636156725,0.3650967161338498,0.3804173895155114,0.3720247847570435
KIRC,kegg,1,S4MIL,178,0.4315354225354426,0.428189559423401,0.4709826747331969,0.4627020685486062
KIRC,kegg,1,MambaMIL,178,0.3813745380283376,0.359570529727912,0.3798072676122588,0.3708637831073849
KIRC,kegg,1,SRMambaMIL,178,0.2958080897687103,0.2817099942084089,0.300509593878886,0.2779043112696662
KIRC,kegg,1,2DMamba,178,0.4399304806603184,0.4284542870391633,0.4187256841146913,0.3897866993287419
KIRC,kegg,1,AbReg,178,0.4651822194734132,0.4378014067006054,0.4544965931703847,0.4288234510129949
KIRC,kegg,1,HE2RNA,178,0.4407237577756319,0.4143427839010076,0.4095978805686331,0.3885937753414572
KIRC,kegg,1,MOSBY,178,0.2888389762660491,0.2883010126432554,0.2432429755826928,0.2518469671304698
KIRC,kegg,1,SEQUOIA VIS,178,0.4704176041613131,0.4468650528390701,0.4756379274415072,0.4540616638466473
KIRC,kegg,1,tRNAformer,178,0.4347763168010071,0.3988870647280597,0.4138844798214163,0.3932201738309557
KIRC,kegg,1,CPNN,178,0.3353485875841943,0.3108313082009636,0.3254143183986255,0.2986589139565118
KIRC,hallmark,2,MoSPR (ours),50,0.3475878947012933,0.3835922452722199,0.4035560210897556,0.4088878020245745
KIRC,hallmark,2,Max,50,0.2374286345011063,0.3420139229742753,0.3845616322870647,0.3873868899642702
KIRC,hallmark,2,Mean,50,0.3232875998802372,0.3421961507581164,0.3517924605586969,0.3674129365581383
KIRC,hallmark,2,AbMIL,50,0.3492715475164735,0.3978551846006787,0.4545642926336182,0.4647654403487095
KIRC,hallmark,2,ILRA,50,0.3280429877916657,0.3404275153075496,0.3347724076392356,0.3484875376022404
KIRC,hallmark,2,S4MIL,50,0.2531616586133617,0.2833011081133632,0.2551712977161288,0.2772228528779727
KIRC,hallmark,2,MambaMIL,50,0.3710802560169146,0.379322032728439,0.4414262206194662,0.4386819186107108
KIRC,hallmark,2,SRMambaMIL,50,0.315842153698635,0.3711411044632348,0.4004408903826669,0.4293055596880291
KIRC,hallmark,2,2DMamba,50,0.3278359662812029,0.3496486564342936,0.3802214908671389,0.3899245999912067
KIRC,hallmark,2,AbReg,50,0.3970953484821586,0.4274212516918194,0.4748881427655517,0.4854323793680769
KIRC,hallmark,2,HE2RNA,50,0.2441638564447489,0.2555972819510303,0.3034133818167011,0.3036774825850533
KIRC,hallmark,2,MOSBY,50,0.2815932233998491,0.2937459601059653,0.2962339629250592,0.3038861067453592
KIRC,hallmark,2,SEQUOIA VIS,50,0.3817757567079072,0.4036672249578997,0.4201137322123529,0.4266096841266102
KIRC,hallmark,2,tRNAformer,50,0.3332893647721566,0.3714246323301307,0.4189584082368554,0.4154465355041529
KIRC,hallmark,2,CPNN,50,0.2851779321503417,0.2993887191572857,0.3187406567726885,0.3170950772073049
KIRC,gobp,2,MoSPR (ours),4680,0.3746026751093918,0.3791131538545769,0.3838296773205867,0.3817073752050697
KIRC,gobp,2,Max,4680,0.260761607574159,0.2893339908838583,0.3106694861261732,0.3102913610799724
KIRC,gobp,2,Mean,4680,0.3507994761866153,0.3241902432604892,0.3251625040312266,0.3315182599953585
KIRC,gobp,2,AbMIL,4680,0.3774490682075256,0.3780055861638446,0.4265121771198026,0.4203382116351941
KIRC,gobp,2,ILRA,4680,0.3365009462574786,0.3320101771731042,0.3315286236131205,0.3259845778269959
KIRC,gobp,2,S4MIL,4680,0.2553301936683871,0.2648136732695214,0.2402257171049104,0.2507956952942475
KIRC,gobp,2,MambaMIL,4680,0.3858380195031843,0.3843710192422887,0.4185195306103545,0.4123357919453443
KIRC,gobp,2,SRMambaMIL,4680,0.3550241806390697,0.3586594260110906,0.3948792427301969,0.3920080750360656
KIRC,gobp,2,2DMamba,4680,0.3129194252352862,0.3250037966146574,0.3421524399997465,0.3469247257246824
KIRC,gobp,2,AbReg,4680,0.4000327333356286,0.3987613272462672,0.4343752837828856,0.4299304016178285
KIRC,gobp,2,HE2RNA,4680,0.2643463163246515,0.27001849145036,0.2940790559438355,0.2905575372314562
KIRC,gobp,2,MOSBY,4680,0.2605057314299586,0.2782241574890157,0.2582982404106737,0.2724942606491423
KIRC,gobp,2,SEQUOIA VIS,4680,0.3816511773918765,0.3810350528677637,0.3849786975657246,0.3801172289904471
KIRC,gobp,2,tRNAformer,4680,0.3471970576313929,0.3538975330216677,0.3634988211452794,0.3634042535252739
KIRC,gobp,2,CPNN,4680,0.27683050729336,0.2895485817308432,0.2964158598281143,0.3008187697519744
KIRC,kegg,2,MoSPR (ours),178,0.428061858076703,0.4193542949744476,0.4221523164185395,0.4139082065714172
KIRC,kegg,2,Max,178,0.2857067835605507,0.3211262283417317,0.3479658363424589,0.3451237901739582
KIRC,kegg,2,Mean,178,0.4093199992091364,0.3739580066538379,0.3623707611327206,0.3712258532642221
KIRC,kegg,2,AbMIL,178,0.4168808644629436,0.4129204073138413,0.4517535057763351,0.4461918447024844
KIRC,kegg,2,ILRA,178,0.3775315104019577,0.367159246239913,0.3584713135182067,0.3499560440217016
KIRC,kegg,2,S4MIL,178,0.2730723645930992,0.3016124045066592,0.2528618556970454,0.2799105686694607
KIRC,kegg,2,MambaMIL,178,0.4121431863562449,0.4062755664426131,0.4276763819028765,0.4265190967056139
KIRC,kegg,2,SRMambaMIL,178,0.3929762921751616,0.3945922346636955,0.4180944166935057,0.4208485450880756
KIRC,kegg,2,2DMamba,178,0.3527029748536145,0.3606214738665558,0.37358851827035,0.3815138728813362
KIRC,kegg,2,AbReg,178,0.44648066567868,0.4404465351755947,0.4718916549014166,0.4625139846980145
KIRC,kegg,2,HE2RNA,178,0.2894820253826196,0.2957297233681602,0.3165453174945059,0.3126701082340605
KIRC,kegg,2,MOSBY,178,0.3185529751881472,0.3043019001251522,0.3015523879158748,0.2941159975532847
KIRC,kegg,2,SEQUOIA VIS,178,0.4385869782325359,0.4300172373456249,0.4337136232084233,0.4262546254292799
KIRC,kegg,2,tRNAformer,178,0.4090189325287288,0.4047542523605222,0.4189592052574027,0.4074103475127978
KIRC,kegg,2,CPNN,178,0.3405943538817634,0.3413425914161985,0.3440485345916937,0.3424673961207859
KIRC,hallmark,3,MoSPR (ours),50,0.415825961104046,0.4340431345070022,0.4457769517562573,0.4508805280236589
KIRC,hallmark,3,Max,50,0.256706516198227,0.2766278603217628,0.2660679426157035,0.2763465962067645
KIRC,hallmark,3,Mean,50,0.4459582594251349,0.4088195513674783,0.4321760830138434,0.3948238759881164
KIRC,hallmark,3,AbMIL,50,0.4373647345989348,0.4307622547274213,0.4989493352928715,0.4801801503925999
KIRC,hallmark,3,ILRA,50,0.3049095218197768,0.2987492982500778,0.1274632711598926,0.128402626064561
KIRC,hallmark,3,S4MIL,50,0.3148355559673789,0.3329250234357377,0.3328501037830452,0.3263346313513836
KIRC,hallmark,3,MambaMIL,50,0.2395396190699362,0.2375869494066139,0.3147645293808485,0.31675228747453
KIRC,hallmark,3,SRMambaMIL,50,0.3093149857265568,0.3155104578929704,0.3915112383340738,0.386496119148086
KIRC,hallmark,3,2DMamba,50,0.3691142422665767,0.3939020667666049,0.4820289205119907,0.4581472773825671
KIRC,hallmark,3,AbReg,50,0.4725211182487011,0.4364515199155139,0.5292635955912459,0.5163830694238322
KIRC,hallmark,3,HE2RNA,50,0.2884717796547096,0.3020431489269946,0.2697858816366917,0.2930467644833653
KIRC,hallmark,3,MOSBY,50,0.3304488766916154,0.3243446649252891,0.3031418789240515,0.3148305066821672
KIRC,hallmark,3,SEQUOIA VIS,50,0.3979854811244689,0.3996253103317106,0.417996571529455,0.4146956968479625
KIRC,hallmark,3,tRNAformer,50,0.4169477849461246,0.4189434222335779,0.3961074623994156,0.3966273248391834
KIRC,hallmark,3,CPNN,50,0.2963532486290513,0.2976914983664117,0.3195168269820942,0.3118745896671751
KIRC,gobp,3,MoSPR (ours),4680,0.4262020682900868,0.4258423452127867,0.4548730268604768,0.4477356676731542
KIRC,gobp,3,Max,4680,0.2526100576611215,0.2194647315029206,0.2164473626884844,0.2273855217091372
KIRC,gobp,3,Mean,4680,0.4463741342408428,0.4047038399408286,0.4052816287707911,0.3908617656180423
KIRC,gobp,3,AbMIL,4680,0.4241672740376067,0.4172247975965808,0.4816029550766229,0.4633360948267598
KIRC,gobp,3,ILRA,4680,0.2971501893551878,0.2831872494409289,0.1232773681131632,0.1431647396598841
KIRC,gobp,3,S4MIL,4680,0.3505165159265329,0.3495562823405134,0.3605894933243269,0.354483936274343
KIRC,gobp,3,MambaMIL,4680,0.2537385990112364,0.2546661647345533,0.3301522721195641,0.327405631431637
KIRC,gobp,3,SRMambaMIL,4680,0.332554510119752,0.3314655558743974,0.3995616258103286,0.3944793527317995
KIRC,gobp,3,2DMamba,4680,0.3882475372018861,0.3853190729782755,0.4644778254560664,0.4462004472176072
KIRC,gobp,3,AbReg,4680,0.4154473379238126,0.416455892679917,0.4883582166069677,0.4768594985501223
KIRC,gobp,3,HE2RNA,4680,0.2823625114368794,0.2902757901866502,0.287244254540314,0.2924137157454672
KIRC,gobp,3,MOSBY,4680,0.3228886267379232,0.3228308890517167,0.292001848876195,0.295434852707563
KIRC,gobp,3,SEQUOIA VIS,4680,0.4084336488512637,0.3995666157529258,0.4394287565305418,0.4260507657334477
KIRC,gobp,3,tRNAformer,4680,0.4169795404386602,0.4061350726206244,0.408484161079695,0.3969787212961633
KIRC,gobp,3,CPNN,4680,0.2999214667614765,0.3002202434594345,0.3342444033897777,0.3190844212134344
KIRC,kegg,3,MoSPR (ours),178,0.4561175743063645,0.4449418366463322,0.480273998666169,0.4637962178350145
KIRC,kegg,3,Max,178,0.2906867252590748,0.2593820811228001,0.2470169276754084,0.2637131320653467
KIRC,kegg,3,Mean,178,0.4746383546452641,0.4281826284429551,0.4508177409284706,0.4139532475889663
KIRC,kegg,3,AbMIL,178,0.4279174755695634,0.4277556721405478,0.4902709178642559,0.4718625763389325
KIRC,kegg,3,ILRA,178,0.3230315264543338,0.3108225001985903,0.1370452709424018,0.1547657239369578
KIRC,kegg,3,S4MIL,178,0.3634770316589408,0.3484074516975606,0.3846248208035884,0.3548320332665443
KIRC,kegg,3,MambaMIL,178,0.2645623365055208,0.2487115083010269,0.3430060326817405,0.3227625680928815
KIRC,kegg,3,SRMambaMIL,178,0.333507174895823,0.3318094774102605,0.4112658522194664,0.3968013839302711
KIRC,kegg,3,2DMamba,178,0.4062797715017749,0.4045650778288721,0.4716268053389599,0.4536450270912252
KIRC,kegg,3,AbReg,178,0.4397732665712581,0.4382835305091554,0.4997919948508774,0.4888767830693408
KIRC,kegg,3,HE2RNA,178,0.3087085779556346,0.3142666331263881,0.3184048372294746,0.32271135704786
KIRC,kegg,3,MOSBY,178,0.328872094350708,0.3317750733394796,0.3022816646376599,0.3086655935521243
KIRC,kegg,3,SEQUOIA VIS,178,0.4327211044981371,0.4115375629833835,0.4654657988708856,0.4367724814256091
KIRC,kegg,3,tRNAformer,178,0.4281751836051416,0.4219108431895356,0.4467498022342245,0.4149870460908928
KIRC,kegg,3,CPNN,178,0.341488795808162,0.34259551040336,0.3751315391329763,0.3546959415091548
