model,key,fold,mse,rmse,PCC,SCC
AbMIL,abmil,0,0.0329263843595981,0.1787563562393188,0.3842563331127167,0.3591724979893206
AbMIL,abmil,1,0.0339742228388786,0.1813838183879852,0.3970135450363159,0.3808910585030397
AbMIL,abmil,2,0.0345511510968208,0.1825184375047683,0.3454338312149048,0.3487725642259626
AbMIL,abmil,3,0.0334377698600292,0.1803826093673706,0.3526586890220642,0.3643046205392689
AbMIL mean-pool,abmil_mean,0,0.0342922359704971,0.1821096986532211,0.35904660820961,0.333976941527948
AbMIL mean-pool,abmil_mean,1,0.0356292836368083,0.1855422407388687,0.3591490089893341,0.3511900130651524
AbMIL mean-pool,abmil_mean,2,0.0356543771922588,0.1850123852491378,0.3144113421440124,0.3369097499102164
AbMIL mean-pool,abmil_mean,3,0.0351136401295661,0.1844257265329361,0.3102233707904815,0.3302817618157971
AbMIL max-pool,abmil_max,0,0.0357492454349994,0.1866569817066192,0.3170492053031921,0.2739036730685877
AbMIL max-pool,abmil_max,1,0.0369480699300766,0.1895922869443893,0.300525814294815,0.2935565025667334
AbMIL max-pool,abmil_max,2,0.0363030210137367,0.187508225440979,0.2931784689426422,0.2876159804636906
AbMIL max-pool,abmil_max,3,0.0370733179152011,0.1897919923067093,0.2662287354469299,0.2780755752246475
ILRA,ilra,0,0.0374300368130207,0.1903602927923202,0.2123536318540573,0.2247663376170456
ILRA,ilra,1,0.0365671515464782,0.1879358887672424,0.2991424798965454,0.2918466659084734
ILRA,ilra,2,0.0497163347899913,0.1930804103612899,0.1601090282201767,0.276212168001767
ILRA,ilra,3,0.0355779081583023,0.1860258728265762,0.2798015475273132,0.2901623698147197
S4Model,s4model,0,0.0346710942685604,0.1834217011928558,0.340129017829895,0.3190252305142226
S4Model,s4model,1,0.0360480584204196,0.1866327226161956,0.3287452757358551,0.3405068913805157
S4Model,s4model,2,0.0348588451743125,0.183573231101036,0.3288685083389282,0.3287387345507954
S4Model,s4model,3,0.0350081287324428,0.1840565800666809,0.3157646059989929,0.3306248588765986
MambaMIL,mambamil,0,0.0358159877359867,0.1858143210411071,0.3822404146194458,0.3539053844355147
MambaMIL,mambamil,1,0.0403998047113418,0.1981703042984008,0.3941438496112823,0.375564676480641
MambaMIL,mambamil,2,0.0410589650273323,0.1988171935081482,0.3337716460227966,0.3359537001828835
MambaMIL,mambamil,3,0.0362304411828517,0.1876853108406067,0.3417116701602936,0.3580972121942774
SRMambaMIL,srmamba,0,0.0350713767111301,0.1848654747009277,0.3729262948036194,0.3438995474188164
SRMambaMIL,srmamba,1,0.0398439615964889,0.1965030580759048,0.3805891871452331,0.3622347150101698
SRMambaMIL,srmamba,2,0.0371570028364658,0.1895099580287933,0.3606001436710357,0.3578318395473956
SRMambaMIL,srmamba,3,0.0379435271024704,0.1917909681797027,0.3308501243591308,0.3447933274705925
2DMamba,mamba2d,0,0.0341184772551059,0.1819842606782913,0.3892362713813782,0.353389803510917
2DMamba,mamba2d,1,0.0351674146950244,0.1844385117292404,0.3669206202030182,0.3550536742811629
2DMamba,mamba2d,2,0.0343230180442333,0.1818744987249374,0.3313228487968445,0.3457804393658416
2DMamba,mamba2d,3,0.0343027636408805,0.182455763220787,0.3202964961528778,0.3362086708932975
AbReg,abreg,0,0.0354638658463954,0.185624212026596,0.3480260372161865,0.3322150148580429
AbReg,abreg,1,0.0346052572131156,0.1834045052528381,0.3787814974784851,0.3667654570347789
AbReg,abreg,2,0.0346985422074794,0.1833941042423248,0.3515936434268951,0.3421298954689499
AbReg,abreg,3,0.035427737981081,0.1858846992254257,0.3428068459033966,0.3529958334680307
HE2RNA,he2rna,0,0.0369836762547493,0.1903778463602066,0.3114300370216369,0.285829952707976
HE2RNA,he2rna,1,0.037903755903244,0.1920812577009201,0.3360383510589599,0.3179602645533592
HE2RNA,he2rna,2,0.0381086133420467,0.192718505859375,0.2954155504703522,0.2801487122315915
HE2RNA,he2rna,3,0.0377655699849128,0.1922128796577453,0.2585232555866241,0.2870644415474843
MOSBY,mosby,0,0.0346723273396492,0.1833048313856125,0.3688066005706787,0.3470419678004718
MOSBY,mosby,1,0.035397969186306,0.184974655508995,0.3532439172267914,0.3557682200229748
MOSBY,mosby,2,0.0347099862992763,0.1828177124261856,0.3296176493167877,0.3554153934596616
MOSBY,mosby,3,0.0354538187384605,0.1854663640260696,0.3195172846317291,0.3388503751450423
SEQUOIA VIS,sequoia_vis,0,0.0339793935418129,0.1816333085298538,0.3793486952781677,0.337327342717324
SEQUOIA VIS,sequoia_vis,1,0.035362783819437,0.1849232614040374,0.3744480013847351,0.3422032221990958
SEQUOIA VIS,sequoia_vis,2,0.0346721075475215,0.1829385608434677,0.3509298861026764,0.3421359939779598
SEQUOIA VIS,sequoia_vis,3,0.0353415012359619,0.1849487572908401,0.3061804473400116,0.3279654429601624
tRNAformer,trnasformer,0,0.0347573533654212,0.183601975440979,0.3630026578903198,0.3318925501404105
tRNAformer,trnasformer,1,0.0357917286455631,0.186015322804451,0.3522206246852875,0.3408399292210197
tRNAformer,trnasformer,2,0.0350819714367389,0.1843310743570327,0.3404584527015686,0.3340894182068497
tRNAformer,trnasformer,3,0.0355296246707439,0.1855609267950058,0.3088679611682892,0.3220185295974769
CPNN,cpnn,0,,,0.3701025952727893,0.3462976664651319
CPNN,cpnn,1,,,0.3747051574287594,0.365567679871386
CPNN,cpnn,2,,,0.3600145403582744,0.3657201937157411
CPNN,cpnn,3,,,0.3339663660346574,0.3464031496767443
