cohort,fold,K,d,q,lam,val_SCC,test_SCC
KIRC,0,4,128,16,1000.0,0.29907419853672895,0.2950938029413182
KIRC,0,4,256,64,10000.0,0.3127032653888522,0.28797707354735746
KIRC,0,4,512,64,10000.0,0.31781871568220854,0.2951356923298946
KIRC,0,6,128,8,1000.0,0.2951066536942932,0.2800413352356337
KIRC,0,6,256,32,10000.0,0.3139870552372752,0.28626154454947944
KIRC,0,6,512,16,10000.0,0.31672616452130653,0.29218982804796834
KIRC,0,8,128,8,1000.0,0.29949504191391324,0.28259846033172453
KIRC,0,8,256,16,10000.0,0.3210127312396269,0.29043285068366637
KIRC,0,8,512,16,10000.0,0.3260244011772292,0.2972106161561202
KIRC,0,10,128,8,1000.0,0.2937558381907719,0.2806871354599176
KIRC,0,10,256,16,10000.0,0.31706709421248574,0.2900978788526661
KIRC,0,10,512,16,10000.0,0.324937672167716,0.2965557746216173
KIRC,0,12,128,8,100000.0,0.298450709311173,0.26646775501417713
KIRC,0,12,256,8,100000.0,0.30522499433839445,0.27028948509188616
KIRC,0,12,512,8,100000.0,0.31816921832204376,0.27726608202269576
KIRC,0,16,128,8,100000.0,0.29787753229994446,0.25138245683966404
KIRC,0,16,256,8,100000.0,0.30611253943600325,0.2589615533295318
KIRC,0,16,512,8,100000.0,0.3192828203483169,0.2677624707200731
KIRC,0,20,128,8,100000.0,0.2851277816641542,0.25452633988411416
KIRC,0,20,256,8,100000.0,0.29735533931913344,0.2630348522946557
KIRC,0,20,512,8,100000.0,0.3100843483415489,0.2693749904166664
KIRC,1,4,128,16,1000.0,0.2737782621252299,0.34517750857324014
KIRC,1,4,256,96,10000.0,0.28346923021049536,0.3454716497621636
KIRC,1,4,512,64,10000.0,0.29399605196823736,0.35575238032216544
KIRC,1,6,128,16,1000.0,0.2673751777515623,0.3485228203813788
KIRC,1,6,256,64,10000.0,0.2839208657249419,0.3490742823798142
KIRC,1,6,512,32,10000.0,0.2938092955649381,0.3565009985093795
KIRC,1,8,128,16,1000.0,0.2731661965550365,0.34725715598652396
KIRC,1,8,256,64,10000.0,0.2836148125188382,0.3531674592693935
KIRC,1,8,512,32,10000.0,0.29467815813601106,0.3614809990698425
KIRC,1,10,128,64,10000.0,0.2748151690365546,0.3508649811340393
KIRC,1,10,256,64,10000.0,0.2885904714369466,0.35772522723316685
KIRC,1,10,512,32,10000.0,0.29885934627974914,0.36378776149334247
KIRC,1,12,128,64,10000.0,0.2699560872328008,0.34727029251252634
KIRC,1,12,256,64,10000.0,0.28673063977219865,0.355586646299226
KIRC,1,12,512,32,10000.0,0.2983952708702451,0.36160651904377233
KIRC,1,16,128,64,10000.0,0.2785667663368073,0.35861518927484465
KIRC,1,16,256,64,10000.0,0.2967568763071189,0.3667901856204925
KIRC,1,16,512,32,10000.0,0.3029409318624285,0.3689636692471744
KIRC,1,20,128,64,10000.0,0.2808793782219236,0.35779498162941636
KIRC,1,20,256,32,10000.0,0.29707872162270177,0.3677605144972599
KIRC,1,20,512,32,10000.0,0.2984892464529437,0.3717669383655205
KIRC,2,4,128,16,1000.0,0.3290589126711655,0.2982425815025694
KIRC,2,4,256,16,1000.0,0.33510419811658826,0.2926202465114919
KIRC,2,4,512,48,10000.0,0.3483681107790343,0.3111136868491325
KIRC,2,6,128,16,1000.0,0.33861646044203497,0.3044113115530811
KIRC,2,6,256,48,10000.0,0.34586552231618356,0.3059773373261263
KIRC,2,6,512,32,10000.0,0.355416898151931,0.3222164738466578
KIRC,2,8,128,16,1000.0,0.3401094937745465,0.3061677391269884
KIRC,2,8,256,8,1000.0,0.3383361843914752,0.29559489868846234
KIRC,2,8,512,48,10000.0,0.35736321102277,0.32638576506935857
KIRC,2,10,128,16,1000.0,0.3412608799250521,0.30058106802683376
KIRC,2,10,256,48,10000.0,0.35085386224203363,0.309580202197687
KIRC,2,10,512,32,10000.0,0.3628549887364385,0.3263211384503017
KIRC,2,12,128,16,1000.0,0.34806012971845424,0.3061288941789738
KIRC,2,12,256,48,10000.0,0.3514423940013396,0.311321106073657
KIRC,2,12,512,32,10000.0,0.36494261978806736,0.3287191608391874
KIRC,2,16,128,8,1000.0,0.34202248726150025,0.2945716881372385
KIRC,2,16,256,32,10000.0,0.34877278511518767,0.30948870379859683
KIRC,2,16,512,32,10000.0,0.3568997824497424,0.32343792647647335
KIRC,2,20,128,8,1000.0,0.3323425600724696,0.2847093123245999
KIRC,2,20,256,32,10000.0,0.3456050080689913,0.30407452890077113
KIRC,2,20,512,16,10000.0,0.3548151853342202,0.31415886856937364
KIRC,3,4,128,16,1000.0,0.328800069676222,0.3212545403092366
KIRC,3,4,256,16,1000.0,0.34451789602255906,0.33472014240029335
KIRC,3,4,512,32,10000.0,0.33944448678295186,0.3369045360331369
KIRC,3,6,128,16,1000.0,0.30611535151963887,0.31845994991224624
KIRC,3,6,256,96,10000.0,0.3211006434297273,0.3377586623611276
KIRC,3,6,512,32,10000.0,0.3380468102072983,0.3433029488740372
KIRC,3,8,128,16,1000.0,0.3104227052206545,0.31879772427437664
KIRC,3,8,256,32,10000.0,0.33686356174015325,0.34598719481762585
KIRC,3,8,512,32,10000.0,0.34905169198052716,0.34787914208946286
KIRC,3,10,128,16,1000.0,0.3031555357489744,0.31995233003900814
KIRC,3,10,256,32,10000.0,0.3317379012466512,0.3432179623908698
KIRC,3,10,512,32,10000.0,0.3430560107507542,0.34751039012187374
KIRC,3,12,128,96,10000.0,0.3101026013916584,0.3309990075528667
KIRC,3,12,256,32,10000.0,0.32652910474718816,0.3536302598188315
KIRC,3,12,512,32,10000.0,0.33579077152483044,0.3541678887203959
KIRC,3,16,128,64,10000.0,0.3143432102018053,0.33021627026339406
KIRC,3,16,256,32,10000.0,0.3286226293679038,0.3520989605490713
KIRC,3,16,512,32,10000.0,0.3358305150652199,0.35306074703149004
KIRC,3,20,128,32,10000.0,0.3177357642473671,0.33711600155763805
KIRC,3,20,256,32,10000.0,0.32635710638600696,0.35230896650277777
KIRC,3,20,512,32,10000.0,0.3308453695798364,0.3527456158134477
