cohort,model,fold,SCC,PCC
BRCA,AbMIL,0,0.35917258897544835,0.3842563231161368
BRCA,AbMIL max-pool,0,0.19403803807514103,0.21330712386119258
BRCA,AbMIL mean-pool,0,0.30392042567229827,0.3322305030689671
BRCA,AbReg,0,0.3322150343245281,0.3480260344209695
BRCA,HE2RNA,0,0.28582995269161077,0.3114300365925376
BRCA,ILRA,0,0.22476633947643637,0.21235363731811638
BRCA,2DMamba,0,0.3533898724208378,0.3892362571883593
BRCA,MambaMIL,0,0.3539054933061028,0.38224042078381953
BRCA,CPNN,0,0.34629766646513194,0.37010259527278927
BRCA,S4Model,0,0.3190253574674941,0.3401290230059992
BRCA,SEQUOIA VIS,0,0.33732743351099603,0.3793487046433888
BRCA,SRMambaMIL,0,0.3438996124939298,0.37292627166966813
BRCA,MOSBY,0,0.34704201321401756,0.36880660841632096
BRCA,tRNAformer,0,0.3318926172659398,0.36300266742754667
BRCA,AbMIL,1,0.3808909786744018,0.3970135259146055
BRCA,AbMIL max-pool,1,0.21086051766063835,0.21938362398692807
BRCA,AbMIL mean-pool,1,0.32164582590774615,0.3406182985787692
BRCA,AbReg,1,0.3667654954770224,0.37878146348946495
BRCA,HE2RNA,1,0.3179602792985843,0.3360383245869474
BRCA,ILRA,1,0.2918466706317915,0.2991424904323002
BRCA,2DMamba,1,0.35505364903686587,0.3669205988304535
BRCA,MambaMIL,1,0.37556460580975043,0.39414385997445145
BRCA,CPNN,1,0.365567679871386,0.37470515742875943
BRCA,S4Model,1,0.34050684450509805,0.3287452803462873
BRCA,SEQUOIA VIS,1,0.3422032347019475,0.37444800958552604
BRCA,SRMambaMIL,1,0.3622346291631705,0.38058920927122564
BRCA,MOSBY,1,0.35576828183044723,0.35324391994489374
BRCA,tRNAformer,1,0.340839913792456,0.3522206142235537
BRCA,AbMIL,2,0.34877244643919947,0.3454338214157991
BRCA,AbMIL max-pool,2,0.20253937556352442,0.20477116416738478
BRCA,AbMIL mean-pool,2,0.31573626210434025,0.3199515262172192
BRCA,AbReg,2,0.3421298138628524,0.3515936525939893
BRCA,HE2RNA,2,0.2801486914185737,0.29541554566939965
BRCA,ILRA,2,0.2762122184880476,0.16010901106450315
BRCA,2DMamba,2,0.34578041400331583,0.33132284487015445
BRCA,MambaMIL,2,0.33595360009929875,0.3337716280965195
BRCA,CPNN,2,0.36572019371574105,0.36001454035827446
BRCA,S4Model,2,0.3287386226117096,0.32886853317184545
BRCA,SEQUOIA VIS,2,0.34213591587731074,0.35092987819992744
BRCA,SRMambaMIL,2,0.3578317463505352,0.360600154159776
BRCA,MOSBY,2,0.3554154185937988,0.32961765871047166
BRCA,tRNAformer,2,0.334089335128684,0.340458453492843
BRCA,AbMIL,3,0.3643046288955306,0.3526586526734662
BRCA,AbMIL max-pool,3,0.20029704211747956,0.19446263306112085
BRCA,AbMIL mean-pool,3,0.30627190074170596,0.3002109335580355
BRCA,AbReg,3,0.3529958760612652,0.3428068448991976
BRCA,HE2RNA,3,0.28706437489542774,0.2585232566064663
BRCA,ILRA,3,0.29016235315300676,0.2798015393630965
BRCA,2DMamba,3,0.3362086674725648,0.32029648488244383
BRCA,MambaMIL,3,0.35809721505491343,0.34171169347642205
BRCA,CPNN,3,0.34640314967674435,0.33396636603465746
BRCA,S4Model,3,0.3306248736255291,0.3157646136542783
BRCA,SEQUOIA VIS,3,0.32796538681374543,0.3061804393776485
BRCA,SRMambaMIL,3,0.34479338135637055,0.3308500981153507
BRCA,MOSBY,3,0.3388503630863849,0.3195172813464459
BRCA,tRNAformer,3,0.32201851959660166,0.30886796516931025
KIRC,AbMIL,0,0.279764031363568,0.2801032789485546
KIRC,AbMIL max-pool,0,0.12863098249212768,0.12367625181147109
KIRC,AbMIL mean-pool,0,0.2130678688025727,0.2066142234255413
KIRC,AbReg,0,0.2524445914111666,0.2467787649111388
KIRC,HE2RNA,0,0.24410237952822889,0.21889148607009823
KIRC,ILRA,0,0.22784179393786277,0.2259548187022225
KIRC,2DMamba,0,0.27693011707114523,0.27983542279145257
KIRC,MambaMIL,0,0.26819068297603654,0.2658242219606501
KIRC,CPNN,0,0.2987330650463093,0.28747520340218474
KIRC,S4Model,0,0.23842627681208073,0.23336224121612398
KIRC,SEQUOIA VIS,0,0.28458012269789096,0.28475436619121747
KIRC,SRMambaMIL,0,0.28261919019414783,0.29505658155141407
KIRC,MOSBY,0,0.24667206566735134,0.2413299425342304
KIRC,tRNAformer,0,0.291423477837201,0.2967343360102325
KIRC,AbMIL,1,0.31301385572938906,0.2882457723163911
KIRC,AbMIL max-pool,1,0.1836560683568958,0.18191036197052135
KIRC,AbMIL mean-pool,1,0.26105428849901313,0.25477919509342134
KIRC,AbReg,1,0.3146222413441886,0.3105021993825406
KIRC,HE2RNA,1,0.3144295450634144,0.29351057292038985
KIRC,ILRA,1,0.26141735122305426,0.25156162632769974
KIRC,2DMamba,1,0.31463509438687226,0.2986389855344696
KIRC,MambaMIL,1,0.31839899384597625,0.29897823626830566
KIRC,CPNN,1,0.3205859171418039,0.3013851127271363
KIRC,S4Model,1,0.3155999764358881,0.31334587301321126
KIRC,SEQUOIA VIS,1,0.34548203277966205,0.34135486178745456
KIRC,SRMambaMIL,1,0.3008468661974508,0.276391196457622
KIRC,MOSBY,1,0.31011392410661665,0.2744485053288753
KIRC,tRNAformer,1,0.33902078692598514,0.3250667924954705
KIRC,AbMIL,2,0.2962569592056557,0.29149223641843175
KIRC,AbMIL max-pool,2,0.13629109428134414,0.13979482513966476
KIRC,AbMIL mean-pool,2,0.2481621803475712,0.24313837439533542
KIRC,AbReg,2,0.28816553841931364,0.28732280833475893
KIRC,HE2RNA,2,0.2561307894080448,0.24215405783064953
KIRC,ILRA,2,0.2627017993168854,0.2452417699313482
KIRC,2DMamba,2,0.28384165832349845,0.2804942261622282
KIRC,MambaMIL,2,0.2904659602559576,0.2830884116653755
KIRC,CPNN,2,0.3122110784442561,0.2894269269839195
KIRC,S4Model,2,0.2578905835518298,0.24529468383258388
KIRC,SEQUOIA VIS,2,0.31660768172124687,0.3028776317272763
KIRC,SRMambaMIL,2,0.28949065019149883,0.28323576791820887
KIRC,MOSBY,2,0.2842601085609248,0.2595794899288594
KIRC,tRNAformer,2,0.3110396591023729,0.2969881444533982
KIRC,AbMIL,3,0.30696433889807423,0.31024291347427935
KIRC,AbMIL max-pool,3,0.1449766905724432,0.14943182980459854
KIRC,AbMIL mean-pool,3,0.2665178396318403,0.2600104372690813
KIRC,AbReg,3,0.31562327021757275,0.31244340909781876
KIRC,HE2RNA,3,0.27597985749931586,0.2679848979330055
KIRC,ILRA,3,0.24022808077181454,0.040513006660811916
KIRC,2DMamba,3,0.29406285848407276,0.29091016020959476
KIRC,MambaMIL,3,0.2815423951491607,0.3101160942755102
KIRC,CPNN,3,0.30756317894223967,0.2923990731367322
KIRC,S4Model,3,0.2859139489376403,0.2837892790270391
KIRC,SEQUOIA VIS,3,0.3100124169620131,0.310610104007573
KIRC,SRMambaMIL,3,0.30284535971522586,0.3150581702071375
KIRC,MOSBY,3,0.31361946626985054,0.28170382421439033
KIRC,tRNAformer,3,0.3348697784164143,0.327818913688952
LUAD,AbMIL,0,0.3008343692003171,0.28926841828065936
LUAD,AbMIL max-pool,0,0.16356506084555167,0.1566990697336688
LUAD,AbMIL mean-pool,0,0.27009544900726246,0.2537157793421036
LUAD,AbReg,0,0.3015038073089093,0.2820273575493521
LUAD,HE2RNA,0,0.28647860303959566,0.26370302979788673
LUAD,ILRA,0,0.2938118629366173,0.2758409037360557
LUAD,2DMamba,0,0.32614069080031227,0.30718454908920156
LUAD,MambaMIL,0,0.3086881743138864,0.2915152574810859
LUAD,CPNN,0,0.3190335732049272,0.30081285585726636
LUAD,S4Model,0,0.30040578897915743,0.28284564349057634
LUAD,SEQUOIA VIS,0,0.32478106224840253,0.31861609613603775
LUAD,SRMambaMIL,0,0.2910708901335592,0.27783487513295524
LUAD,MOSBY,0,0.28474551553516597,0.25929475435961646
LUAD,tRNAformer,0,0.32707269969020186,0.3139245485391854
LUAD,AbMIL,1,0.3186175146431942,0.30735297422781477
LUAD,AbMIL max-pool,1,0.18153555076193914,0.17567316768431912
LUAD,AbMIL mean-pool,1,0.2662992558747802,0.25591844317860607
LUAD,AbReg,1,0.3057849160718486,0.2911618020600938
LUAD,HE2RNA,1,0.31148960512290785,0.2880856232902024
LUAD,ILRA,1,0.3133277457173115,0.290599488529324
LUAD,2DMamba,1,0.30495234051244086,0.29489239137002904
LUAD,MambaMIL,1,0.34010252937694757,0.32599238371408046
LUAD,CPNN,1,0.32210787985301137,0.302766986896962
LUAD,S4Model,1,0.3213047448038031,0.3027038635129172
LUAD,SEQUOIA VIS,1,0.31263462727222063,0.30068809925625894
LUAD,SRMambaMIL,1,0.32959403186095204,0.31886162079858776
LUAD,MOSBY,1,0.33234115400657815,0.322280374493713
LUAD,tRNAformer,1,0.3378329668369317,0.313686809454463
LUAD,AbMIL,2,0.3345811208194703,0.3182441425229773
LUAD,AbMIL max-pool,2,0.14886762868215123,0.14699781898747427
LUAD,AbMIL mean-pool,2,0.27310733447760593,0.2663835701077468
LUAD,AbReg,2,0.31091346894046323,0.30493741985643313
LUAD,HE2RNA,2,0.288463716476758,0.2749168516096294
LUAD,ILRA,2,0.3006572906472823,0.2833313186006113
LUAD,2DMamba,2,0.29727316983960556,0.2840992700103909
LUAD,MambaMIL,2,0.34731729353415614,0.33803781853159925
LUAD,CPNN,2,0.32126887978674046,0.3100295206811488
LUAD,S4Model,2,0.31845537997011736,0.30980176964991407
LUAD,SEQUOIA VIS,2,0.34833723295759755,0.33628629942267485
LUAD,SRMambaMIL,2,0.33784292813489464,0.3264674541872729
LUAD,MOSBY,2,0.30660387921123555,0.29616711814278907
LUAD,tRNAformer,2,0.34258078901013467,0.3300381749331174
LUAD,AbMIL,3,0.34031130758047984,0.3170222727677274
LUAD,AbMIL max-pool,3,0.16928505892871842,0.16446963743589554
LUAD,AbMIL mean-pool,3,0.27710342959348383,0.2656023204547584
LUAD,AbReg,3,0.32435677228675497,0.3072239546095007
LUAD,HE2RNA,3,0.3012556978095476,0.27537356632737153
LUAD,ILRA,3,0.30772776574137983,0.2703003747727287
LUAD,2DMamba,3,0.3232295936963736,0.314627707305456
LUAD,MambaMIL,3,0.34379608347012697,0.3217778963990078
LUAD,CPNN,3,0.33837077625731227,0.30706852637542953
LUAD,S4Model,3,0.3193677348712883,0.30041104271967467
LUAD,SEQUOIA VIS,3,0.3378941766742281,0.3129697682041232
LUAD,SRMambaMIL,3,0.3452019588789061,0.32201741229323366
LUAD,MOSBY,3,0.30679989431338117,0.2795644877657897
LUAD,tRNAformer,3,0.3378202085375149,0.3066937077226378
