cohort,file,bytes,mb,kind
BRCA,abmil_fold0.ckpt,31447941,31.4,baseline (ckpt)
BRCA,abmil_fold1.ckpt,31447941,31.4,baseline (ckpt)
BRCA,abmil_fold2.ckpt,31447941,31.4,baseline (ckpt)
BRCA,abmil_fold3.ckpt,31447941,31.4,baseline (ckpt)
BRCA,abmil_max_fold0.ckpt,31447941,31.4,baseline (ckpt)
BRCA,abmil_max_fold1.ckpt,31447941,31.4,baseline (ckpt)
BRCA,abmil_max_fold2.ckpt,31447941,31.4,baseline (ckpt)
BRCA,abmil_max_fold3.ckpt,31447941,31.4,baseline (ckpt)
BRCA,abmil_mean_fold0.ckpt,31447941,31.4,baseline (ckpt)
BRCA,abmil_mean_fold1.ckpt,31447941,31.4,baseline (ckpt)
BRCA,abmil_mean_fold2.ckpt,31447941,31.4,baseline (ckpt)
BRCA,abmil_mean_fold3.ckpt,31447941,31.4,baseline (ckpt)
BRCA,abreg_fold0.ckpt,30659085,30.7,baseline (ckpt)
BRCA,abreg_fold1.ckpt,30659085,30.7,baseline (ckpt)
BRCA,abreg_fold2.ckpt,30659085,30.7,baseline (ckpt)
BRCA,abreg_fold3.ckpt,30659085,30.7,baseline (ckpt)
BRCA,cpnn_fold0.ckpt,6062533,6.1,baseline (ckpt)
BRCA,cpnn_fold1.ckpt,6062533,6.1,baseline (ckpt)
BRCA,cpnn_fold2.ckpt,6062533,6.1,baseline (ckpt)
BRCA,cpnn_fold3.ckpt,6062533,6.1,baseline (ckpt)
BRCA,he2rna_fold0.ckpt,63876053,63.9,baseline (ckpt)
BRCA,he2rna_fold1.ckpt,63876053,63.9,baseline (ckpt)
BRCA,he2rna_fold2.ckpt,63876053,63.9,baseline (ckpt)
BRCA,he2rna_fold3.ckpt,63876053,63.9,baseline (ckpt)
BRCA,ilra_fold0.ckpt,27097928,27.1,baseline (ckpt)
BRCA,ilra_fold1.ckpt,27097928,27.1,baseline (ckpt)
BRCA,ilra_fold2.ckpt,27097928,27.1,baseline (ckpt)
BRCA,ilra_fold3.ckpt,27097928,27.1,baseline (ckpt)
BRCA,mamba2d_fold0.ckpt,15957028,16.0,baseline (ckpt)
BRCA,mamba2d_fold1.ckpt,15957028,16.0,baseline (ckpt)
BRCA,mamba2d_fold2.ckpt,15957028,16.0,baseline (ckpt)
BRCA,mamba2d_fold3.ckpt,15957028,16.0,baseline (ckpt)
BRCA,mambamil_fold0.ckpt,8018724,8.0,baseline (ckpt)
BRCA,mambamil_fold1.ckpt,8018724,8.0,baseline (ckpt)
BRCA,mambamil_fold2.ckpt,8018724,8.0,baseline (ckpt)
BRCA,mambamil_fold3.ckpt,8018724,8.0,baseline (ckpt)
BRCA,mosby_fold0.ckpt,33018901,33.0,baseline (ckpt)
BRCA,mosby_fold1.ckpt,33018901,33.0,baseline (ckpt)
BRCA,mosby_fold2.ckpt,33018901,33.0,baseline (ckpt)
BRCA,mosby_fold3.ckpt,33018901,33.0,baseline (ckpt)
BRCA,s4model_fold0.ckpt,7665148,7.7,baseline (ckpt)
BRCA,s4model_fold1.ckpt,7665148,7.7,baseline (ckpt)
BRCA,s4model_fold2.ckpt,7665148,7.7,baseline (ckpt)
BRCA,s4model_fold3.ckpt,7665148,7.7,baseline (ckpt)
BRCA,sequoia_vis_fold0.ckpt,83118818,83.1,baseline (ckpt)
BRCA,sequoia_vis_fold1.ckpt,83118818,83.1,baseline (ckpt)
BRCA,sequoia_vis_fold2.ckpt,83118818,83.1,baseline (ckpt)
BRCA,sequoia_vis_fold3.ckpt,83118818,83.1,baseline (ckpt)
BRCA,srmamba_fold0.ckpt,8093903,8.1,baseline (ckpt)
BRCA,srmamba_fold1.ckpt,8093903,8.1,baseline (ckpt)
BRCA,srmamba_fold2.ckpt,8093903,8.1,baseline (ckpt)
BRCA,srmamba_fold3.ckpt,8093903,8.1,baseline (ckpt)
BRCA,trnasformer_fold0.ckpt,20913135,20.9,baseline (ckpt)
BRCA,trnasformer_fold1.ckpt,20913135,20.9,baseline (ckpt)
BRCA,trnasformer_fold2.ckpt,20913135,20.9,baseline (ckpt)
BRCA,trnasformer_fold3.ckpt,20913135,20.9,baseline (ckpt)
BRCA,weights_gene_fold0.npz,4885901,4.9,MoSPR (npz)
BRCA,weights_gene_fold1.npz,1453991,1.5,MoSPR (npz)
BRCA,weights_gene_fold2.npz,4885688,4.9,MoSPR (npz)
BRCA,weights_gene_fold3.npz,4887994,4.9,MoSPR (npz)
BRCA,weights_pathway_fold0.npz,686093,0.7,MoSPR (npz)
BRCA,weights_pathway_fold1.npz,686122,0.7,MoSPR (npz)
BRCA,weights_pathway_fold2.npz,1257897,1.3,MoSPR (npz)
BRCA,weights_pathway_fold3.npz,4736535,4.7,MoSPR (npz)
KIRC,abmil_fold0.ckpt,31967109,32.0,baseline (ckpt)
KIRC,abmil_fold1.ckpt,31967109,32.0,baseline (ckpt)
KIRC,abmil_fold2.ckpt,31967109,32.0,baseline (ckpt)
KIRC,abmil_fold3.ckpt,31967109,32.0,baseline (ckpt)
KIRC,abmil_max_fold0.ckpt,31967109,32.0,baseline (ckpt)
KIRC,abmil_max_fold1.ckpt,31967109,32.0,baseline (ckpt)
KIRC,abmil_max_fold2.ckpt,31967109,32.0,baseline (ckpt)
KIRC,abmil_max_fold3.ckpt,31967109,32.0,baseline (ckpt)
KIRC,abmil_mean_fold0.ckpt,31967109,32.0,baseline (ckpt)
KIRC,abmil_mean_fold1.ckpt,31967109,32.0,baseline (ckpt)
KIRC,abmil_mean_fold2.ckpt,31967109,32.0,baseline (ckpt)
KIRC,abmil_mean_fold3.ckpt,31967109,32.0,baseline (ckpt)
KIRC,abreg_fold0.ckpt,31178253,31.2,baseline (ckpt)
KIRC,abreg_fold1.ckpt,31178253,31.2,baseline (ckpt)
KIRC,abreg_fold2.ckpt,31178253,31.2,baseline (ckpt)
KIRC,abreg_fold3.ckpt,31178253,31.2,baseline (ckpt)
KIRC,cpnn_fold0.ckpt,10715013,10.7,baseline (ckpt)
KIRC,cpnn_fold1.ckpt,10715013,10.7,baseline (ckpt)
KIRC,cpnn_fold2.ckpt,10715013,10.7,baseline (ckpt)
KIRC,cpnn_fold3.ckpt,10715013,10.7,baseline (ckpt)
KIRC,he2rna_fold0.ckpt,64913365,64.9,baseline (ckpt)
KIRC,he2rna_fold1.ckpt,64913365,64.9,baseline (ckpt)
KIRC,he2rna_fold2.ckpt,64913365,64.9,baseline (ckpt)
KIRC,he2rna_fold3.ckpt,64913365,64.9,baseline (ckpt)
KIRC,ilra_fold0.ckpt,27358024,27.4,baseline (ckpt)
KIRC,ilra_fold1.ckpt,27358024,27.4,baseline (ckpt)
KIRC,ilra_fold2.ckpt,27358024,27.4,baseline (ckpt)
KIRC,ilra_fold3.ckpt,27358024,27.4,baseline (ckpt)
KIRC,mamba2d_fold0.ckpt,16217124,16.2,baseline (ckpt)
KIRC,mamba2d_fold1.ckpt,16217124,16.2,baseline (ckpt)
KIRC,mamba2d_fold2.ckpt,16217124,16.2,baseline (ckpt)
KIRC,mamba2d_fold3.ckpt,16217124,16.2,baseline (ckpt)
KIRC,mambamil_fold0.ckpt,8149284,8.1,baseline (ckpt)
KIRC,mambamil_fold1.ckpt,8149284,8.1,baseline (ckpt)
KIRC,mambamil_fold2.ckpt,8149284,8.1,baseline (ckpt)
KIRC,mambamil_fold3.ckpt,8149284,8.1,baseline (ckpt)
KIRC,mosby_fold0.ckpt,33538069,33.5,baseline (ckpt)
KIRC,mosby_fold1.ckpt,33538069,33.5,baseline (ckpt)
KIRC,mosby_fold2.ckpt,33538069,33.5,baseline (ckpt)
KIRC,mosby_fold3.ckpt,33538069,33.5,baseline (ckpt)
KIRC,s4model_fold0.ckpt,7795708,7.8,baseline (ckpt)
KIRC,s4model_fold1.ckpt,7795708,7.8,baseline (ckpt)
KIRC,s4model_fold2.ckpt,7795708,7.8,baseline (ckpt)
KIRC,s4model_fold3.ckpt,7795708,7.8,baseline (ckpt)
KIRC,sequoia_vis_fold0.ckpt,83637986,83.6,baseline (ckpt)
KIRC,sequoia_vis_fold1.ckpt,83637986,83.6,baseline (ckpt)
KIRC,sequoia_vis_fold2.ckpt,83637986,83.6,baseline (ckpt)
KIRC,sequoia_vis_fold3.ckpt,83637986,83.6,baseline (ckpt)
KIRC,srmamba_fold0.ckpt,8224463,8.2,baseline (ckpt)
KIRC,srmamba_fold1.ckpt,8224463,8.2,baseline (ckpt)
KIRC,srmamba_fold2.ckpt,8224463,8.2,baseline (ckpt)
KIRC,srmamba_fold3.ckpt,8224463,8.2,baseline (ckpt)
KIRC,trnasformer_fold0.ckpt,21108463,21.1,baseline (ckpt)
KIRC,trnasformer_fold1.ckpt,21108463,21.1,baseline (ckpt)
KIRC,trnasformer_fold2.ckpt,21108463,21.1,baseline (ckpt)
KIRC,trnasformer_fold3.ckpt,21108463,21.1,baseline (ckpt)
KIRC,weights_gene_fold0.npz,2629504,2.6,MoSPR (npz)
KIRC,weights_gene_fold1.npz,4949824,4.9,MoSPR (npz)
KIRC,weights_gene_fold2.npz,7268812,7.3,MoSPR (npz)
KIRC,weights_gene_fold3.npz,4949776,4.9,MoSPR (npz)
KIRC,weights_pathway_fold0.npz,686924,0.7,MoSPR (npz)
KIRC,weights_pathway_fold1.npz,1259598,1.3,MoSPR (npz)
KIRC,weights_pathway_fold2.npz,400974,0.4,MoSPR (npz)
KIRC,weights_pathway_fold3.npz,258108,0.3,MoSPR (npz)
LUAD,abmil_fold0.ckpt,32416517,32.4,baseline (ckpt)
LUAD,abmil_fold1.ckpt,32416517,32.4,baseline (ckpt)
LUAD,abmil_fold2.ckpt,32416517,32.4,baseline (ckpt)
LUAD,abmil_fold3.ckpt,32416517,32.4,baseline (ckpt)
LUAD,abmil_max_fold0.ckpt,32416517,32.4,baseline (ckpt)
LUAD,abmil_max_fold1.ckpt,32416517,32.4,baseline (ckpt)
LUAD,abmil_max_fold2.ckpt,32416517,32.4,baseline (ckpt)
LUAD,abmil_max_fold3.ckpt,32416517,32.4,baseline (ckpt)
LUAD,abmil_mean_fold0.ckpt,32416517,32.4,baseline (ckpt)
LUAD,abmil_mean_fold1.ckpt,32416517,32.4,baseline (ckpt)
LUAD,abmil_mean_fold2.ckpt,32416517,32.4,baseline (ckpt)
LUAD,abmil_mean_fold3.ckpt,32416517,32.4,baseline (ckpt)
LUAD,abreg_fold0.ckpt,31627661,31.6,baseline (ckpt)
LUAD,abreg_fold1.ckpt,31627661,31.6,baseline (ckpt)
LUAD,abreg_fold2.ckpt,31627661,31.6,baseline (ckpt)
LUAD,abreg_fold3.ckpt,31627661,31.6,baseline (ckpt)
LUAD,cpnn_fold0.ckpt,7325253,7.3,baseline (ckpt)
LUAD,cpnn_fold1.ckpt,7325253,7.3,baseline (ckpt)
LUAD,cpnn_fold2.ckpt,7325253,7.3,baseline (ckpt)
LUAD,cpnn_fold3.ckpt,7325253,7.3,baseline (ckpt)
LUAD,he2rna_fold0.ckpt,65811285,65.8,baseline (ckpt)
LUAD,he2rna_fold1.ckpt,65811285,65.8,baseline (ckpt)
LUAD,he2rna_fold2.ckpt,65811285,65.8,baseline (ckpt)
LUAD,he2rna_fold3.ckpt,65811285,65.8,baseline (ckpt)
LUAD,ilra_fold0.ckpt,27583176,27.6,baseline (ckpt)
LUAD,ilra_fold1.ckpt,27583176,27.6,baseline (ckpt)
LUAD,ilra_fold2.ckpt,27583176,27.6,baseline (ckpt)
LUAD,ilra_fold3.ckpt,27583176,27.6,baseline (ckpt)
LUAD,mamba2d_fold0.ckpt,16442276,16.4,baseline (ckpt)
LUAD,mamba2d_fold1.ckpt,16442276,16.4,baseline (ckpt)
LUAD,mamba2d_fold2.ckpt,16442276,16.4,baseline (ckpt)
LUAD,mamba2d_fold3.ckpt,16442276,16.4,baseline (ckpt)
LUAD,mambamil_fold0.ckpt,8262308,8.3,baseline (ckpt)
LUAD,mambamil_fold1.ckpt,8262308,8.3,baseline (ckpt)
LUAD,mambamil_fold2.ckpt,8262308,8.3,baseline (ckpt)
LUAD,mambamil_fold3.ckpt,8262308,8.3,baseline (ckpt)
LUAD,mosby_fold0.ckpt,33987477,34.0,baseline (ckpt)
LUAD,mosby_fold1.ckpt,33987477,34.0,baseline (ckpt)
LUAD,mosby_fold2.ckpt,33987477,34.0,baseline (ckpt)
LUAD,mosby_fold3.ckpt,33987477,34.0,baseline (ckpt)
LUAD,s4model_fold0.ckpt,7908732,7.9,baseline (ckpt)
LUAD,s4model_fold1.ckpt,7908732,7.9,baseline (ckpt)
LUAD,s4model_fold2.ckpt,7908732,7.9,baseline (ckpt)
LUAD,s4model_fold3.ckpt,7908732,7.9,baseline (ckpt)
LUAD,sequoia_vis_fold0.ckpt,84087394,84.1,baseline (ckpt)
LUAD,sequoia_vis_fold1.ckpt,84087394,84.1,baseline (ckpt)
LUAD,sequoia_vis_fold2.ckpt,84087394,84.1,baseline (ckpt)
LUAD,sequoia_vis_fold3.ckpt,84087394,84.1,baseline (ckpt)
LUAD,srmamba_fold0.ckpt,8337487,8.3,baseline (ckpt)
LUAD,srmamba_fold1.ckpt,8337487,8.3,baseline (ckpt)
LUAD,srmamba_fold2.ckpt,8337487,8.3,baseline (ckpt)
LUAD,srmamba_fold3.ckpt,8337487,8.3,baseline (ckpt)
LUAD,trnasformer_fold0.ckpt,21277551,21.3,baseline (ckpt)
LUAD,trnasformer_fold1.ckpt,21277551,21.3,baseline (ckpt)
LUAD,trnasformer_fold2.ckpt,21277551,21.3,baseline (ckpt)
LUAD,trnasformer_fold3.ckpt,21277551,21.3,baseline (ckpt)
LUAD,weights_gene_fold0.npz,5006071,5.0,MoSPR (npz)
LUAD,weights_gene_fold1.npz,5005826,5.0,MoSPR (npz)
LUAD,weights_gene_fold2.npz,5005863,5.0,MoSPR (npz)
LUAD,weights_gene_fold3.npz,2661175,2.7,MoSPR (npz)
LUAD,weights_pathway_fold0.npz,401429,0.4,MoSPR (npz)
LUAD,weights_pathway_fold1.npz,1833122,1.8,MoSPR (npz)
LUAD,weights_pathway_fold2.npz,401433,0.4,MoSPR (npz)
LUAD,weights_pathway_fold3.npz,401387,0.4,MoSPR (npz)
