cohort,model,metric,before,before_ci,after,after_ci,delta,delta_ci,folds_up,p_paired,before_f0,before_f1,before_f2,before_f3,after_f0,after_f1,after_f2,after_f3
BRCA,Max,SCC,0.22885,0.02004,0.28329,0.01421,0.05444,0.01863,4,0.00263,0.22553,0.2459,0.21566,0.22829,0.2739,0.29356,0.28762,0.27808
BRCA,Mean,SCC,0.28197,0.02051,0.33809,0.01455,0.05612,0.02189,4,0.00385,0.27116,0.28253,0.29991,0.27427,0.33398,0.35119,0.33691,0.33028
BRCA,AbMIL,SCC,0.30819,0.0378,0.36329,0.02132,0.05509,0.02877,4,0.00887,0.27744,0.33072,0.30213,0.32247,0.35917,0.38089,0.34877,0.3643
BRCA,HE2RNA,SCC,0.22065,0.0367,0.29275,0.02717,0.0721,0.01457,4,0.00056,0.2046,0.25464,0.21497,0.20839,0.28583,0.31796,0.28015,0.28706
BRCA,AbReg,SCC,0.24358,0.02981,0.34853,0.02359,0.10495,0.01488,4,0.00019,0.23149,0.26251,0.22396,0.25636,0.33222,0.36677,0.34213,0.353
BRCA,tRNAformer,SCC,0.30698,0.03686,0.33221,0.01239,0.02523,0.02757,4,0.06188,0.3046,0.34034,0.2938,0.28918,0.33189,0.34084,0.33409,0.32202
BRCA,ILRA,SCC,0.10472,0.11011,0.27075,0.05003,0.16603,0.14133,4,0.03338,0.16965,0.07167,0.02339,0.15416,0.22477,0.29185,0.27621,0.29016
BRCA,S4MIL,SCC,0.29484,0.01152,0.32972,0.01401,0.03489,0.0119,4,0.0026,0.29423,0.3049,0.29244,0.28778,0.31903,0.34051,0.32874,0.33062
BRCA,MambaMIL,SCC,0.31067,0.02516,0.35588,0.02588,0.04521,0.00257,4,1e-05,0.3099,0.32837,0.2901,0.3143,0.35391,0.37556,0.33595,0.3581
BRCA,SRMambaMIL,SCC,0.31696,0.0253,0.35219,0.0147,0.03523,0.01086,4,0.00194,0.30173,0.33569,0.32442,0.306,0.3439,0.36223,0.35783,0.34479
BRCA,MOSBY,SCC,0.32205,0.0097,0.34927,0.01278,0.02722,0.00904,4,0.00241,0.32508,0.32063,0.32828,0.31421,0.34704,0.35577,0.35542,0.33885
BRCA,SEQUOIA VIS,SCC,0.3128,0.02191,0.33741,0.01066,0.02461,0.01803,4,0.02252,0.30224,0.33272,0.31098,0.30526,0.33733,0.3422,0.34214,0.32797
BRCA,2DMamba,SCC,0.31382,0.01536,0.34761,0.01369,0.03379,0.01161,4,0.00266,0.31798,0.31473,0.32243,0.30014,0.35339,0.35505,0.34578,0.33621
BRCA,CPNN,SCC,0.34793,0.01657,0.356,0.01773,0.00806,0.00172,4,0.00065,0.33811,0.35632,0.35752,0.33978,0.3463,0.36557,0.36572,0.3464
BRCA,MoSPR (ours),SCC,0.39001,0.00946,0.41058,0.01362,0.02057,0.00868,4,0.00483,0.38403,0.38702,0.39774,0.39126,0.40948,0.39985,0.4206,0.41239
KIRC,Max,SCC,0.19071,0.01998,0.24435,0.02106,0.05363,0.0048,4,5e-05,0.18118,0.20899,0.18858,0.18411,0.23361,0.2636,0.2388,0.24138
KIRC,Mean,SCC,0.24812,0.02579,0.29299,0.02201,0.04487,0.02235,4,0.00777,0.24073,0.26708,0.22995,0.25471,0.27318,0.30426,0.29426,0.30026
KIRC,AbMIL,SCC,0.23669,0.03873,0.299,0.02319,0.06231,0.04148,4,0.01739,0.22401,0.21418,0.23859,0.26995,0.27976,0.31301,0.29626,0.30696
KIRC,HE2RNA,SCC,0.2274,0.03939,0.27266,0.049,0.04526,0.02385,4,0.00911,0.22049,0.26358,0.2076,0.21794,0.2441,0.31443,0.25613,0.27598
KIRC,AbReg,SCC,0.1819,0.07602,0.29271,0.04727,0.11081,0.04485,4,0.00429,0.12414,0.17712,0.1855,0.24085,0.25244,0.31462,0.28817,0.31562
KIRC,tRNAformer,SCC,0.28133,0.03962,0.31909,0.0353,0.03776,0.01337,4,0.00291,0.24518,0.29765,0.28452,0.29797,0.29142,0.33902,0.31104,0.33487
KIRC,ILRA,SCC,0.18169,0.03751,0.24805,0.02699,0.06636,0.05504,4,0.03121,0.18098,0.19004,0.14986,0.20586,0.22784,0.26142,0.2627,0.24023
KIRC,S4MIL,SCC,0.25375,0.05382,0.27446,0.05354,0.02071,0.00776,4,0.00342,0.22234,0.29524,0.23037,0.26705,0.23843,0.3156,0.25789,0.28591
KIRC,MambaMIL,SCC,0.27069,0.04043,0.28965,0.0338,0.01895,0.01807,4,0.04445,0.23599,0.29694,0.27302,0.27683,0.26819,0.3184,0.29047,0.28154
KIRC,SRMambaMIL,SCC,0.26376,0.0222,0.29395,0.01523,0.03019,0.01225,4,0.00432,0.25594,0.27693,0.24815,0.27404,0.28262,0.30085,0.28949,0.30285
KIRC,MOSBY,SCC,0.24256,0.04898,0.28867,0.04918,0.04611,0.03303,4,0.02121,0.20404,0.23422,0.25618,0.27579,0.24667,0.31011,0.28426,0.31362
KIRC,SEQUOIA VIS,SCC,0.26253,0.05201,0.31417,0.03983,0.05164,0.01909,4,0.00329,0.2333,0.30599,0.26884,0.24197,0.28458,0.34548,0.31661,0.31001
KIRC,2DMamba,SCC,0.24143,0.05543,0.29237,0.02614,0.05094,0.0458,4,0.03838,0.24556,0.26759,0.19107,0.26149,0.27693,0.31464,0.28384,0.29406
KIRC,CPNN,SCC,0.30141,0.01331,0.30977,0.01451,0.00836,0.00566,4,0.01824,0.28923,0.30825,0.30445,0.30373,0.29873,0.32059,0.31221,0.30756
KIRC,MoSPR (ours),SCC,0.33324,0.0446,0.34789,0.03625,0.01465,0.02106,4,0.11377,0.29721,0.36148,0.32639,0.34788,0.31658,0.37012,0.35695,0.3479
LUAD,Max,SCC,0.21483,0.02274,0.27819,0.02374,0.06336,0.01197,4,0.00046,0.19603,0.23044,0.21872,0.21413,0.26303,0.2975,0.2708,0.28144
LUAD,Mean,SCC,0.26629,0.02009,0.31476,0.01859,0.04847,0.0226,4,0.00643,0.24772,0.27237,0.26946,0.2756,0.31023,0.30113,0.31947,0.32821
LUAD,AbMIL,SCC,0.25685,0.02227,0.32359,0.02821,0.06674,0.01997,4,0.00178,0.23869,0.2665,0.25309,0.26912,0.30083,0.31862,0.33458,0.34031
LUAD,HE2RNA,SCC,0.24313,0.02896,0.29692,0.01864,0.05379,0.01774,4,0.00236,0.24118,0.25986,0.21841,0.25308,0.28648,0.31149,0.28846,0.30126
LUAD,AbReg,SCC,0.20999,0.0273,0.31064,0.01579,0.10065,0.02545,4,0.00108,0.22133,0.18666,0.20767,0.2243,0.3015,0.30578,0.31091,0.32436
LUAD,tRNAformer,SCC,0.28703,0.01252,0.33633,0.01044,0.04929,0.01066,4,0.00068,0.27751,0.29034,0.28445,0.29583,0.32707,0.33783,0.34258,0.33782
LUAD,ILRA,SCC,0.21952,0.06979,0.30388,0.0135,0.08436,0.08054,4,0.0446,0.24904,0.15481,0.23031,0.24392,0.29381,0.31333,0.30066,0.30773
LUAD,S4MIL,SCC,0.28133,0.01397,0.31488,0.01547,0.03356,0.00245,4,3e-05,0.26857,0.28828,0.28295,0.28551,0.30041,0.3213,0.31846,0.31937
LUAD,MambaMIL,SCC,0.28127,0.02663,0.33498,0.02828,0.05371,0.02909,4,0.00984,0.26987,0.29635,0.29487,0.264,0.30869,0.3401,0.34732,0.3438
LUAD,SRMambaMIL,SCC,0.28268,0.02186,0.32593,0.03834,0.04325,0.01813,4,0.00474,0.26227,0.28998,0.28695,0.29151,0.29107,0.32959,0.33784,0.3452
LUAD,MOSBY,SCC,0.28464,0.05222,0.30762,0.03097,0.02298,0.02201,4,0.04496,0.24403,0.3238,0.2805,0.29024,0.28475,0.33234,0.3066,0.3068
LUAD,SEQUOIA VIS,SCC,0.27214,0.01513,0.33091,0.02472,0.05877,0.01881,4,0.00216,0.26485,0.26511,0.27356,0.28504,0.32478,0.31263,0.34834,0.33789
LUAD,2DMamba,SCC,0.2723,0.01656,0.3129,0.0223,0.0406,0.01518,4,0.00341,0.28628,0.26135,0.26923,0.27234,0.32614,0.30495,0.29727,0.32323
LUAD,CPNN,SCC,0.31566,0.01708,0.3252,0.01413,0.00954,0.00379,4,0.00408,0.30716,0.31437,0.30997,0.33114,0.31903,0.32211,0.32127,0.33837
LUAD,MoSPR (ours),SCC,0.34744,0.01734,0.37567,0.01934,0.02823,0.00665,4,0.00088,0.34076,0.36259,0.33839,0.34801,0.37038,0.39385,0.36838,0.37006
BRCA,Max,PCC,0.24179,0.04255,0.29425,0.0337,0.05246,0.01246,4,0.0009,0.27296,0.25208,0.23127,0.21086,0.31705,0.30053,0.29318,0.26623
BRCA,Mean,PCC,0.25686,0.04505,0.33571,0.04306,0.07885,0.07544,4,0.04485,0.22718,0.26144,0.29378,0.24505,0.35905,0.35915,0.31441,0.31022
BRCA,AbMIL,PCC,0.30131,0.02356,0.36984,0.03938,0.06853,0.02922,4,0.00498,0.29236,0.32345,0.29538,0.29407,0.38426,0.39701,0.34543,0.35266
BRCA,HE2RNA,PCC,0.23162,0.0406,0.30035,0.05173,0.06873,0.03852,4,0.01082,0.22162,0.24861,0.25588,0.20038,0.31143,0.33604,0.29542,0.25852
BRCA,AbReg,PCC,0.24411,0.01899,0.3553,0.02556,0.11119,0.02051,4,0.00042,0.24151,0.25787,0.22934,0.24774,0.34803,0.37878,0.35159,0.34281
BRCA,tRNAformer,PCC,0.3058,0.03558,0.34114,0.03723,0.03533,0.00884,4,0.00105,0.32404,0.32286,0.29943,0.2769,0.363,0.35222,0.34046,0.30887
BRCA,ILRA,PCC,0.05393,0.09009,0.23785,0.10152,0.18392,0.10501,4,0.0114,0.05962,0.01629,0.00804,0.13178,0.21235,0.29914,0.16011,0.2798
BRCA,S4MIL,PCC,0.29496,0.02359,0.32838,0.01585,0.03342,0.0081,4,0.00095,0.31394,0.2934,0.29478,0.27773,0.34013,0.32875,0.32887,0.31576
BRCA,MambaMIL,PCC,0.31151,0.0393,0.36297,0.04727,0.05146,0.02499,4,0.00722,0.34265,0.32005,0.29147,0.29187,0.38224,0.39414,0.33377,0.34171
BRCA,SRMambaMIL,PCC,0.32203,0.03543,0.36124,0.0348,0.03921,0.02207,4,0.01096,0.34929,0.32338,0.32064,0.29482,0.37293,0.38059,0.3606,0.33085
BRCA,MOSBY,PCC,0.31308,0.03705,0.3428,0.0356,0.02972,0.0146,4,0.00747,0.34587,0.31327,0.29472,0.29844,0.36881,0.35324,0.32962,0.31952
BRCA,SEQUOIA VIS,PCC,0.31451,0.02253,0.35273,0.05318,0.03822,0.03217,4,0.03241,0.32035,0.32772,0.31524,0.29471,0.37935,0.37445,0.35093,0.30618
BRCA,2DMamba,PCC,0.3164,0.05321,0.35194,0.05067,0.03554,0.03177,4,0.03781,0.36195,0.30486,0.31627,0.28254,0.38924,0.36692,0.33132,0.3203
BRCA,CPNN,PCC,0.34742,0.02123,0.3597,0.02899,0.01228,0.01329,4,0.06045,0.36005,0.35028,0.35077,0.32857,0.3701,0.37471,0.36001,0.33397
BRCA,MoSPR (ours),PCC,0.39022,0.02379,0.4134,0.02648,0.02319,0.00577,4,0.00103,0.40848,0.39134,0.38912,0.37193,0.43103,0.41959,0.41145,0.39155
KIRC,Max,PCC,0.1776,0.03221,0.23564,0.01848,0.05804,0.0302,4,0.00878,0.17787,0.19164,0.192,0.14888,0.22954,0.25301,0.22893,0.23107
KIRC,Mean,PCC,0.24749,0.02185,0.28474,0.01499,0.03725,0.02474,4,0.01729,0.24235,0.262,0.23087,0.25472,0.27243,0.28336,0.28846,0.29469
KIRC,AbMIL,PCC,0.23282,0.0365,0.29252,0.02029,0.0597,0.02575,4,0.00514,0.22713,0.20433,0.24125,0.25857,0.2801,0.28825,0.29149,0.31024
KIRC,HE2RNA,PCC,0.2067,0.04513,0.25564,0.05131,0.04894,0.03538,4,0.02173,0.18838,0.24771,0.20365,0.18704,0.21889,0.29351,0.24215,0.26798
KIRC,AbReg,PCC,0.17861,0.07218,0.28926,0.04859,0.11065,0.04019,4,0.00313,0.12197,0.17363,0.18661,0.23223,0.24678,0.3105,0.28732,0.31244
KIRC,tRNAformer,PCC,0.26614,0.02786,0.31165,0.02724,0.04551,0.03523,4,0.02606,0.25222,0.2878,0.27293,0.25163,0.29673,0.32507,0.29699,0.32782
KIRC,ILRA,PCC,0.12963,0.13217,0.19082,0.16038,0.06119,0.04827,4,0.02739,0.1742,0.19323,0.14194,0.00916,0.22595,0.25156,0.24524,0.04051
KIRC,S4MIL,PCC,0.24932,0.05954,0.26895,0.05823,0.01963,0.01046,4,0.00938,0.22084,0.29539,0.21693,0.26411,0.23336,0.31335,0.24529,0.28379
KIRC,MambaMIL,PCC,0.26396,0.02997,0.2895,0.0307,0.02554,0.02103,4,0.03065,0.23602,0.27621,0.27406,0.26956,0.26582,0.29898,0.28309,0.31012
KIRC,SRMambaMIL,PCC,0.26303,0.02374,0.29244,0.02695,0.0294,0.00664,4,0.00077,0.2657,0.25286,0.25052,0.28305,0.29506,0.27639,0.28324,0.31506
KIRC,MOSBY,PCC,0.21376,0.04444,0.26427,0.0284,0.0505,0.03445,4,0.01859,0.18476,0.1962,0.22974,0.24435,0.24133,0.27445,0.25958,0.2817
KIRC,SEQUOIA VIS,PCC,0.26074,0.04683,0.3099,0.03756,0.04916,0.02051,4,0.00468,0.23626,0.30178,0.26189,0.24302,0.28475,0.34135,0.30288,0.31061
KIRC,2DMamba,PCC,0.23785,0.04758,0.28747,0.01434,0.04962,0.04002,4,0.02903,0.24305,0.25315,0.19435,0.26084,0.27984,0.29864,0.28049,0.29091
KIRC,CPNN,PCC,0.28396,0.00845,0.29267,0.00979,0.00872,0.00276,4,0.00209,0.27795,0.29061,0.28222,0.28504,0.28748,0.30139,0.28943,0.2924
KIRC,MoSPR (ours),PCC,0.31604,0.03994,0.33405,0.03849,0.01801,0.01309,4,0.02206,0.28495,0.34055,0.30706,0.33161,0.29974,0.34898,0.33458,0.35289
LUAD,Max,PCC,0.19737,0.01903,0.25783,0.02791,0.06045,0.02166,4,0.00301,0.18577,0.20452,0.2104,0.1888,0.23739,0.28026,0.25707,0.25659
LUAD,Mean,PCC,0.2483,0.02266,0.292,0.01643,0.0437,0.02347,4,0.00961,0.22725,0.25475,0.2527,0.2585,0.28588,0.2837,0.3066,0.2918
LUAD,AbMIL,PCC,0.24219,0.02906,0.30797,0.0213,0.06578,0.01715,4,0.00118,0.21679,0.25347,0.24125,0.25726,0.28927,0.30735,0.31824,0.31702
LUAD,HE2RNA,PCC,0.22211,0.024,0.27552,0.01586,0.05341,0.02349,4,0.00544,0.22336,0.23535,0.20071,0.22903,0.2637,0.28809,0.27492,0.27537
LUAD,AbReg,PCC,0.20303,0.02503,0.29634,0.01892,0.09331,0.02906,4,0.002,0.2141,0.18021,0.205,0.21279,0.28203,0.29116,0.30494,0.30722
LUAD,tRNAformer,PCC,0.27231,0.00533,0.31609,0.01573,0.04378,0.01362,4,0.00199,0.26904,0.27575,0.27459,0.26986,0.31392,0.31369,0.33004,0.30669
LUAD,ILRA,PCC,0.18968,0.05388,0.28002,0.01408,0.09034,0.06504,4,0.02149,0.19067,0.14146,0.21307,0.2135,0.27584,0.2906,0.28333,0.2703
LUAD,S4MIL,PCC,0.26903,0.01739,0.29894,0.01822,0.02991,0.00234,4,3e-05,0.25439,0.27284,0.28039,0.26848,0.28285,0.3027,0.3098,0.30041
LUAD,MambaMIL,PCC,0.26779,0.04049,0.31933,0.03148,0.05154,0.02891,4,0.01085,0.24636,0.29261,0.28685,0.24534,0.29152,0.32599,0.33804,0.32178
LUAD,SRMambaMIL,PCC,0.27104,0.02238,0.3113,0.03584,0.04026,0.01554,4,0.00374,0.2505,0.28073,0.27954,0.27337,0.27783,0.31886,0.32647,0.32202
LUAD,MOSBY,PCC,0.25866,0.06307,0.28933,0.0424,0.03066,0.02113,4,0.01912,0.21631,0.31033,0.26417,0.24385,0.25929,0.32228,0.29617,0.27956
LUAD,SEQUOIA VIS,PCC,0.26172,0.00676,0.31714,0.02354,0.05542,0.02022,4,0.00317,0.25927,0.25704,0.2647,0.26587,0.31862,0.30069,0.33629,0.31297
LUAD,2DMamba,PCC,0.2612,0.00677,0.3002,0.02143,0.039,0.01803,4,0.00628,0.26726,0.25906,0.25761,0.26087,0.30718,0.29489,0.2841,0.31463
LUAD,CPNN,PCC,0.29434,0.01138,0.30517,0.00662,0.01083,0.00758,4,0.01991,0.28412,0.29529,0.29734,0.30059,0.30081,0.30277,0.31003,0.30707
LUAD,MoSPR (ours),PCC,0.33085,0.01432,0.35805,0.01483,0.0272,0.00569,4,0.00062,0.32422,0.34412,0.32703,0.32801,0.35561,0.37167,0.35423,0.35067
