cohort,model,stage,fold,PCC,SCC
BRCA,CPNN,stage1_trainval_holdout,0,0.3600489840813797,0.33811186119551606
BRCA,CPNN,stage1_trainval_holdout,1,0.3502757973955419,0.3563179331330001
BRCA,CPNN,stage1_trainval_holdout,2,0.3507683784389979,0.35752436286902084
BRCA,CPNN,stage1_trainval_holdout,3,0.32857290434412284,0.33977721773664377
BRCA,CPNN,stage2_refit_trainval,0,0.3701025952727893,0.34629766646513194
BRCA,CPNN,stage2_refit_trainval,1,0.37470515742875943,0.36556767987138605
BRCA,CPNN,stage2_refit_trainval,2,0.36001454035827446,0.36572019371574116
BRCA,CPNN,stage2_refit_trainval,3,0.33396636603465746,0.34640314967674435
BRCA,AbMIL,stage1_trainval_holdout,0,0.29235702753067017,0.2774448888585118
BRCA,AbMIL,stage1_trainval_holdout,1,0.323445588350296,0.3307159446335332
BRCA,AbMIL,stage1_trainval_holdout,2,0.29537928104400635,0.30213114389186096
BRCA,AbMIL,stage1_trainval_holdout,3,0.29406723380088806,0.3224700277678921
BRCA,AbMIL,stage2_refit_trainval,0,0.3842563331127167,0.3591724979893206
BRCA,AbMIL,stage2_refit_trainval,1,0.3970135450363159,0.3808910585030397
BRCA,AbMIL,stage2_refit_trainval,2,0.3454338312149048,0.3487725642259626
BRCA,AbMIL,stage2_refit_trainval,3,0.3526586890220642,0.3643046205392689
BRCA,AbMIL mean-pool,stage1_trainval_holdout,0,0.2271757423877716,0.27115539176051084
BRCA,AbMIL mean-pool,stage1_trainval_holdout,1,0.2614384889602661,0.2825347473513305
BRCA,AbMIL mean-pool,stage1_trainval_holdout,2,0.29378077387809753,0.2999071775679313
BRCA,AbMIL mean-pool,stage1_trainval_holdout,3,0.2450476437807083,0.27427332155405854
BRCA,AbMIL mean-pool,stage2_refit_trainval,0,0.35904660820961,0.33397694152794805
BRCA,AbMIL mean-pool,stage2_refit_trainval,1,0.3591490089893341,0.35119001306515246
BRCA,AbMIL mean-pool,stage2_refit_trainval,2,0.31441134214401245,0.33690974991021644
BRCA,AbMIL mean-pool,stage2_refit_trainval,3,0.31022337079048157,0.3302817618157971
BRCA,AbMIL max-pool,stage1_trainval_holdout,0,0.2729607820510864,0.22552969410529675
BRCA,AbMIL max-pool,stage1_trainval_holdout,1,0.25207504630088806,0.24590269409523993
BRCA,AbMIL max-pool,stage1_trainval_holdout,2,0.23126624524593353,0.21566284633886798
BRCA,AbMIL max-pool,stage1_trainval_holdout,3,0.21085640788078308,0.228285550988934
BRCA,AbMIL max-pool,stage2_refit_trainval,0,0.31704920530319214,0.27390367306858776
BRCA,AbMIL max-pool,stage2_refit_trainval,1,0.30052581429481506,0.29355650256673343
BRCA,AbMIL max-pool,stage2_refit_trainval,2,0.2931784689426422,0.2876159804636906
BRCA,AbMIL max-pool,stage2_refit_trainval,3,0.26622873544692993,0.2780755752246475
BRCA,ILRA,stage1_trainval_holdout,0,0.05962377414107323,0.16964869596514642
BRCA,ILRA,stage1_trainval_holdout,1,0.016288375481963158,0.07166637229353194
BRCA,ILRA,stage1_trainval_holdout,2,0.00804327055811882,0.023392141045990026
BRCA,ILRA,stage1_trainval_holdout,3,0.13178111612796783,0.1541561013580831
BRCA,ILRA,stage2_refit_trainval,0,0.2123536318540573,0.22476633761704562
BRCA,ILRA,stage2_refit_trainval,1,0.2991424798965454,0.2918466659084734
BRCA,ILRA,stage2_refit_trainval,2,0.1601090282201767,0.27621216800176707
BRCA,ILRA,stage2_refit_trainval,3,0.27980154752731323,0.29016236981471977
BRCA,S4Model,stage1_trainval_holdout,0,0.31393569707870483,0.2942282613454881
BRCA,S4Model,stage1_trainval_holdout,1,0.29340076446533203,0.30489878113087454
BRCA,S4Model,stage1_trainval_holdout,2,0.29478007555007935,0.2924350248526759
BRCA,S4Model,stage1_trainval_holdout,3,0.2777300775051117,0.2877782421259788
BRCA,S4Model,stage2_refit_trainval,0,0.340129017829895,0.3190252305142226
BRCA,S4Model,stage2_refit_trainval,1,0.3287452757358551,0.34050689138051576
BRCA,S4Model,stage2_refit_trainval,2,0.3288685083389282,0.3287387345507954
BRCA,S4Model,stage2_refit_trainval,3,0.3157646059989929,0.3306248588765986
BRCA,MambaMIL,stage1_trainval_holdout,0,0.3426540493965149,0.30990189710317756
BRCA,MambaMIL,stage1_trainval_holdout,1,0.32004913687705994,0.3283673850258629
BRCA,MambaMIL,stage1_trainval_holdout,2,0.2914695143699646,0.2901020810264144
BRCA,MambaMIL,stage1_trainval_holdout,3,0.29186519980430603,0.31429967988702645
BRCA,MambaMIL,stage2_refit_trainval,0,0.3822404146194458,0.3539053844355147
BRCA,MambaMIL,stage2_refit_trainval,1,0.39414384961128235,0.375564676480641
BRCA,MambaMIL,stage2_refit_trainval,2,0.33377164602279663,0.33595370018288356
BRCA,MambaMIL,stage2_refit_trainval,3,0.3417116701602936,0.3580972121942774
BRCA,SRMambaMIL,stage1_trainval_holdout,0,0.3492930829524994,0.3017277941273336
BRCA,SRMambaMIL,stage1_trainval_holdout,1,0.3233778774738312,0.33568855777497103
BRCA,SRMambaMIL,stage1_trainval_holdout,2,0.3206418752670288,0.3244248500273792
BRCA,SRMambaMIL,stage1_trainval_holdout,3,0.2948157489299774,0.3059966004430279
BRCA,SRMambaMIL,stage2_refit_trainval,0,0.3729262948036194,0.34389954741881645
BRCA,SRMambaMIL,stage2_refit_trainval,1,0.38058918714523315,0.36223471501016985
BRCA,SRMambaMIL,stage2_refit_trainval,2,0.36060014367103577,0.35783183954739567
BRCA,SRMambaMIL,stage2_refit_trainval,3,0.33085012435913086,0.34479332747059255
BRCA,2DMamba,stage1_trainval_holdout,0,0.3619477450847626,0.3179836346522403
BRCA,2DMamba,stage1_trainval_holdout,1,0.30486464500427246,0.3147271660315291
BRCA,2DMamba,stage1_trainval_holdout,2,0.31626763939857483,0.32243358190108595
BRCA,2DMamba,stage1_trainval_holdout,3,0.2825360894203186,0.3001422470956753
BRCA,2DMamba,stage2_refit_trainval,0,0.3892362713813782,0.35338980351091703
BRCA,2DMamba,stage2_refit_trainval,1,0.3669206202030182,0.3550536742811629
BRCA,2DMamba,stage2_refit_trainval,2,0.3313228487968445,0.34578043936584163
BRCA,2DMamba,stage2_refit_trainval,3,0.3202964961528778,0.3362086708932975
BRCA,AbReg,stage1_trainval_holdout,0,0.24150873720645905,0.23148802439131363
BRCA,AbReg,stage1_trainval_holdout,1,0.25786760449409485,0.2625095731626439
BRCA,AbReg,stage1_trainval_holdout,2,0.22934259474277496,0.2239582359900617
BRCA,AbReg,stage1_trainval_holdout,3,0.2477361410856247,0.25635596853851006
BRCA,AbReg,stage2_refit_trainval,0,0.3480260372161865,0.33221501485804295
BRCA,AbReg,stage2_refit_trainval,1,0.3787814974784851,0.3667654570347789
BRCA,AbReg,stage2_refit_trainval,2,0.35159364342689514,0.3421298954689499
BRCA,AbReg,stage2_refit_trainval,3,0.3428068459033966,0.3529958334680307
BRCA,HE2RNA,stage1_trainval_holdout,0,0.22162269055843353,0.20459816343549825
BRCA,HE2RNA,stage1_trainval_holdout,1,0.24861009418964386,0.25464281326888116
BRCA,HE2RNA,stage1_trainval_holdout,2,0.25587716698646545,0.21496706472578328
BRCA,HE2RNA,stage1_trainval_holdout,3,0.20038145780563354,0.20838566935661698
BRCA,HE2RNA,stage2_refit_trainval,0,0.31143003702163696,0.285829952707976
BRCA,HE2RNA,stage2_refit_trainval,1,0.33603835105895996,0.3179602645533592
BRCA,HE2RNA,stage2_refit_trainval,2,0.2954155504703522,0.28014871223159155
BRCA,HE2RNA,stage2_refit_trainval,3,0.25852325558662415,0.28706444154748434
BRCA,MOSBY,stage1_trainval_holdout,0,0.34586697816848755,0.32507665383565
BRCA,MOSBY,stage1_trainval_holdout,1,0.3132709860801697,0.32063362739222395
BRCA,MOSBY,stage1_trainval_holdout,2,0.2947201430797577,0.32828046927636445
BRCA,MOSBY,stage1_trainval_holdout,3,0.29844456911087036,0.3142080541478942
BRCA,MOSBY,stage2_refit_trainval,0,0.3688066005706787,0.34704196780047186
BRCA,MOSBY,stage2_refit_trainval,1,0.3532439172267914,0.3557682200229748
BRCA,MOSBY,stage2_refit_trainval,2,0.3296176493167877,0.3554153934596616
BRCA,MOSBY,stage2_refit_trainval,3,0.3195172846317291,0.3388503751450423
BRCA,SEQUOIA VIS,stage1_trainval_holdout,0,0.32035011053085327,0.30223561363484525
BRCA,SEQUOIA VIS,stage1_trainval_holdout,1,0.327721506357193,0.33271807438532064
BRCA,SEQUOIA VIS,stage1_trainval_holdout,2,0.31524333357810974,0.31097842666093833
BRCA,SEQUOIA VIS,stage1_trainval_holdout,3,0.29470810294151306,0.30525721100802966
BRCA,SEQUOIA VIS,stage2_refit_trainval,0,0.3793486952781677,0.337327342717324
BRCA,SEQUOIA VIS,stage2_refit_trainval,1,0.3744480013847351,0.3422032221990958
BRCA,SEQUOIA VIS,stage2_refit_trainval,2,0.3509298861026764,0.34213599397795985
BRCA,SEQUOIA VIS,stage2_refit_trainval,3,0.3061804473400116,0.32796544296016245
BRCA,tRNAformer,stage1_trainval_holdout,0,0.324037104845047,0.3045959842041637
BRCA,tRNAformer,stage1_trainval_holdout,1,0.3228599727153778,0.3403423430888724
BRCA,tRNAformer,stage1_trainval_holdout,2,0.2994272708892822,0.29379620282645275
BRCA,tRNAformer,stage1_trainval_holdout,3,0.27689552307128906,0.28917662663228844
BRCA,tRNAformer,stage2_refit_trainval,0,0.3630026578903198,0.3318925501404105
BRCA,tRNAformer,stage2_refit_trainval,1,0.3522206246852875,0.3408399292210197
BRCA,tRNAformer,stage2_refit_trainval,2,0.3404584527015686,0.3340894182068497
BRCA,tRNAformer,stage2_refit_trainval,3,0.3088679611682892,0.3220185295974769
BRCA,MoSPR (ours),stage1_trainval_holdout,0,0.4084827534050743,0.3840285888313594
BRCA,MoSPR (ours),stage1_trainval_holdout,1,0.3913386821815686,0.3870155216036735
BRCA,MoSPR (ours),stage1_trainval_holdout,2,0.3891194461970435,0.3977364555715401
BRCA,MoSPR (ours),stage1_trainval_holdout,3,0.3719264682141918,0.3912643778436818
BRCA,MoSPR (ours),stage2_refit_trainval,0,0.4310330027827487,0.4094827319572798
BRCA,MoSPR (ours),stage2_refit_trainval,1,0.4195879097266209,0.3998493604044533
BRCA,MoSPR (ours),stage2_refit_trainval,2,0.4114511769681892,0.4205950536022586
BRCA,MoSPR (ours),stage2_refit_trainval,3,0.3915477819007393,0.4123860786954786
KIRC,CPNN,stage1_trainval_holdout,0,0.2779515536099504,0.2892276504099111
KIRC,CPNN,stage1_trainval_holdout,1,0.29060904203959625,0.3082489738901508
KIRC,CPNN,stage1_trainval_holdout,2,0.28221667470335254,0.3044462481784764
KIRC,CPNN,stage1_trainval_holdout,3,0.28504499094873,0.3037313191589149
KIRC,CPNN,stage2_refit_trainval,0,0.2874752034021847,0.2987330650463093
KIRC,CPNN,stage2_refit_trainval,1,0.3013851127271363,0.3205859171418039
KIRC,CPNN,stage2_refit_trainval,2,0.2894269269839195,0.3122110784442561
KIRC,CPNN,stage2_refit_trainval,3,0.2923990731367322,0.30756317894223967
KIRC,AbMIL,stage1_trainval_holdout,0,0.227127805352211,0.2240136633106803
KIRC,AbMIL,stage1_trainval_holdout,1,0.20433247089385986,0.21418246234711824
KIRC,AbMIL,stage1_trainval_holdout,2,0.2412477433681488,0.23859396928923196
KIRC,AbMIL,stage1_trainval_holdout,3,0.25857222080230713,0.2699512987105153
KIRC,AbMIL,stage2_refit_trainval,0,0.28010329604148865,0.2797640877174883
KIRC,AbMIL,stage2_refit_trainval,1,0.2882457971572876,0.31301382005975975
KIRC,AbMIL,stage2_refit_trainval,2,0.291492223739624,0.2962570419040869
KIRC,AbMIL,stage2_refit_trainval,3,0.3102429211139679,0.3069641929539453
KIRC,AbMIL mean-pool,stage1_trainval_holdout,0,0.2423539012670517,0.2407304335106851
KIRC,AbMIL mean-pool,stage1_trainval_holdout,1,0.2620038390159607,0.2670820462042127
KIRC,AbMIL mean-pool,stage1_trainval_holdout,2,0.23087221384048462,0.229948499154153
KIRC,AbMIL mean-pool,stage1_trainval_holdout,3,0.254718542098999,0.25471420852789806
KIRC,AbMIL mean-pool,stage2_refit_trainval,0,0.2724343538284302,0.2731771029398863
KIRC,AbMIL mean-pool,stage2_refit_trainval,1,0.2833581566810608,0.30426127658160856
KIRC,AbMIL mean-pool,stage2_refit_trainval,2,0.28845900297164917,0.29426323999461623
KIRC,AbMIL mean-pool,stage2_refit_trainval,3,0.2946908473968506,0.3002553903439166
KIRC,AbMIL max-pool,stage1_trainval_holdout,0,0.17787039279937744,0.1811770890523182
KIRC,AbMIL max-pool,stage1_trainval_holdout,1,0.19164201617240906,0.20898926401017023
KIRC,AbMIL max-pool,stage1_trainval_holdout,2,0.19200076162815094,0.18858136281776922
KIRC,AbMIL max-pool,stage1_trainval_holdout,3,0.1488790214061737,0.18410520839229802
KIRC,AbMIL max-pool,stage2_refit_trainval,0,0.22953617572784424,0.23361345361492483
KIRC,AbMIL max-pool,stage2_refit_trainval,1,0.25300779938697815,0.26359838233030214
KIRC,AbMIL max-pool,stage2_refit_trainval,2,0.22893217206001282,0.23880182545733877
KIRC,AbMIL max-pool,stage2_refit_trainval,3,0.23106640577316284,0.24137746952727185
KIRC,ILRA,stage1_trainval_holdout,0,0.17419733107089996,0.1809810745241261
KIRC,ILRA,stage1_trainval_holdout,1,0.19322800636291504,0.19004082093591582
KIRC,ILRA,stage1_trainval_holdout,2,0.14194029569625854,0.14986207385270522
KIRC,ILRA,stage1_trainval_holdout,3,0.00915538053959608,0.20586015942216257
KIRC,ILRA,stage2_refit_trainval,0,0.2259548008441925,0.22784142063047969
KIRC,ILRA,stage2_refit_trainval,1,0.25156164169311523,0.2614173397288382
KIRC,ILRA,stage2_refit_trainval,2,0.24524176120758057,0.26270162325632446
KIRC,ILRA,stage2_refit_trainval,3,0.04051300510764122,0.2402281418352993
KIRC,S4Model,stage1_trainval_holdout,0,0.2208418995141983,0.22233675015207455
KIRC,S4Model,stage1_trainval_holdout,1,0.29538750648498535,0.2952399374992179
KIRC,S4Model,stage1_trainval_holdout,2,0.21693478524684906,0.2303697239199409
KIRC,S4Model,stage1_trainval_holdout,3,0.26410549879074097,0.2670539485178036
KIRC,S4Model,stage2_refit_trainval,0,0.23336222767829895,0.23842595176556816
KIRC,S4Model,stage2_refit_trainval,1,0.31334587931632996,0.31560009612954265
KIRC,S4Model,stage2_refit_trainval,2,0.2452946901321411,0.25789047928887915
KIRC,S4Model,stage2_refit_trainval,3,0.2837892770767212,0.2859137485869618
KIRC,MambaMIL,stage1_trainval_holdout,0,0.23601791262626648,0.2359873785506023
KIRC,MambaMIL,stage1_trainval_holdout,1,0.2762138545513153,0.29694431999276455
KIRC,MambaMIL,stage1_trainval_holdout,2,0.2740641236305237,0.2730185285400123
KIRC,MambaMIL,stage1_trainval_holdout,3,0.2695572078227997,0.2768295385373896
KIRC,MambaMIL,stage2_refit_trainval,0,0.26582422852516174,0.2681903339939363
KIRC,MambaMIL,stage2_refit_trainval,1,0.2989782691001892,0.31839918359984276
KIRC,MambaMIL,stage2_refit_trainval,2,0.28308841586112976,0.2904661269759318
KIRC,MambaMIL,stage2_refit_trainval,3,0.31011611223220825,0.2815420440879954
KIRC,SRMambaMIL,stage1_trainval_holdout,0,0.2656975984573364,0.25593782056434067
KIRC,SRMambaMIL,stage1_trainval_holdout,1,0.2528597414493561,0.2769316865689632
KIRC,SRMambaMIL,stage1_trainval_holdout,2,0.2505228817462921,0.24815035137776303
KIRC,SRMambaMIL,stage1_trainval_holdout,3,0.28304725885391235,0.2740390943752675
KIRC,SRMambaMIL,stage2_refit_trainval,0,0.2950565814971924,0.28261909852208994
KIRC,SRMambaMIL,stage2_refit_trainval,1,0.2763912081718445,0.3008471078608475
KIRC,SRMambaMIL,stage2_refit_trainval,2,0.2832357585430145,0.289490724985297
KIRC,SRMambaMIL,stage2_refit_trainval,3,0.3150582015514374,0.3028452066388852
KIRC,2DMamba,stage1_trainval_holdout,0,0.2430475801229477,0.2455608692683784
KIRC,2DMamba,stage1_trainval_holdout,1,0.2531508207321167,0.26758633035177787
KIRC,2DMamba,stage1_trainval_holdout,2,0.19435065984725952,0.19106597724094987
KIRC,2DMamba,stage1_trainval_holdout,3,0.2608396112918854,0.2614877104899814
KIRC,2DMamba,stage2_refit_trainval,0,0.27983543276786804,0.2769297620303936
KIRC,2DMamba,stage2_refit_trainval,1,0.2986389696598053,0.3146350364754835
KIRC,2DMamba,stage2_refit_trainval,2,0.28049424290657043,0.2838417422258603
KIRC,2DMamba,stage2_refit_trainval,3,0.29091015458106995,0.2940628993152492
KIRC,AbReg,stage1_trainval_holdout,0,0.12196581065654755,0.1241387202009064
KIRC,AbReg,stage1_trainval_holdout,1,0.17363332211971283,0.17712317330675373
KIRC,AbReg,stage1_trainval_holdout,2,0.18661101162433624,0.18549727162555693
KIRC,AbReg,stage1_trainval_holdout,3,0.23223371803760529,0.24085229862867727
KIRC,AbReg,stage2_refit_trainval,0,0.24677877128124237,0.2524444491533039
KIRC,AbReg,stage2_refit_trainval,1,0.31050220131874084,0.3146225060043537
KIRC,AbReg,stage2_refit_trainval,2,0.2873227894306183,0.2881652543320015
KIRC,AbReg,stage2_refit_trainval,3,0.31244343519210815,0.3156232233516351
KIRC,HE2RNA,stage1_trainval_holdout,0,0.188384547829628,0.22049184484208081
KIRC,HE2RNA,stage1_trainval_holdout,1,0.2477121353149414,0.26358464716778685
KIRC,HE2RNA,stage1_trainval_holdout,2,0.20364941656589508,0.20760055673443614
KIRC,HE2RNA,stage1_trainval_holdout,3,0.187039315700531,0.21793714547517637
KIRC,HE2RNA,stage2_refit_trainval,0,0.21889150142669678,0.2441024129255937
KIRC,HE2RNA,stage2_refit_trainval,1,0.2935105562210083,0.31442969198958454
KIRC,HE2RNA,stage2_refit_trainval,2,0.242154061794281,0.2561307658281
KIRC,HE2RNA,stage2_refit_trainval,3,0.26798489689826965,0.275979879409382
KIRC,MOSBY,stage1_trainval_holdout,0,0.1847599744796753,0.20404230463722092
KIRC,MOSBY,stage1_trainval_holdout,1,0.19620472192764282,0.23422441567874144
KIRC,MOSBY,stage1_trainval_holdout,2,0.22974207997322083,0.25617620842352457
KIRC,MOSBY,stage1_trainval_holdout,3,0.2443450689315796,0.27579361428642546
KIRC,MOSBY,stage2_refit_trainval,0,0.24132993817329407,0.2466720072836754
KIRC,MOSBY,stage2_refit_trainval,1,0.2744485139846802,0.31011346364275005
KIRC,MOSBY,stage2_refit_trainval,2,0.25957947969436646,0.28426012263776707
KIRC,MOSBY,stage2_refit_trainval,3,0.2817038297653198,0.3136194901096635
KIRC,SEQUOIA VIS,stage1_trainval_holdout,0,0.23625849187374115,0.23330121943355775
KIRC,SEQUOIA VIS,stage1_trainval_holdout,1,0.30177706480026245,0.30598686023717603
KIRC,SEQUOIA VIS,stage1_trainval_holdout,2,0.26188549399375916,0.2688448437003704
KIRC,SEQUOIA VIS,stage1_trainval_holdout,3,0.2430238127708435,0.24197087101351697
KIRC,SEQUOIA VIS,stage2_refit_trainval,0,0.2847543954849243,0.28457989819569257
KIRC,SEQUOIA VIS,stage2_refit_trainval,1,0.3413548767566681,0.34548173460392884
KIRC,SEQUOIA VIS,stage2_refit_trainval,2,0.30287763476371765,0.316607706559271
KIRC,SEQUOIA VIS,stage2_refit_trainval,3,0.3106100857257843,0.3100122672176833
KIRC,tRNAformer,stage1_trainval_holdout,0,0.25221624970436096,0.24518253883123606
KIRC,tRNAformer,stage1_trainval_holdout,1,0.2877988815307617,0.2976516495499103
KIRC,tRNAformer,stage1_trainval_holdout,2,0.2729315459728241,0.28451613720477803
KIRC,tRNAformer,stage1_trainval_holdout,3,0.2516329884529114,0.29797037975215485
KIRC,tRNAformer,stage2_refit_trainval,0,0.2967343330383301,0.29142332496876927
KIRC,tRNAformer,stage2_refit_trainval,1,0.32506677508354187,0.33902049043834104
KIRC,tRNAformer,stage2_refit_trainval,2,0.2969881296157837,0.31103980225930633
KIRC,tRNAformer,stage2_refit_trainval,3,0.32781895995140076,0.33486985011606046
KIRC,MoSPR (ours),stage1_trainval_holdout,0,0.2849488832491199,0.2972106161561202
KIRC,MoSPR (ours),stage1_trainval_holdout,1,0.3405450583293451,0.3614809990698425
KIRC,MoSPR (ours),stage1_trainval_holdout,2,0.307061208193998,0.3263857650693585
KIRC,MoSPR (ours),stage1_trainval_holdout,3,0.3316117137451153,0.3478791420894628
KIRC,MoSPR (ours),stage2_refit_trainval,0,0.2997435297862422,0.3165798847503669
KIRC,MoSPR (ours),stage2_refit_trainval,1,0.3489835613412266,0.3701231131447912
KIRC,MoSPR (ours),stage2_refit_trainval,2,0.334578170983815,0.3569463380417277
KIRC,MoSPR (ours),stage2_refit_trainval,3,0.3528880594808561,0.3478959883491965
LUAD,CPNN,stage1_trainval_holdout,0,0.2841155555843014,0.30716414842456474
LUAD,CPNN,stage1_trainval_holdout,1,0.2952931188051058,0.31436573479308033
LUAD,CPNN,stage1_trainval_holdout,2,0.29734003117519947,0.30997293013942046
LUAD,CPNN,stage1_trainval_holdout,3,0.30059199323419716,0.3311369042060054
LUAD,CPNN,stage2_refit_trainval,0,0.30081285585726636,0.31903357320492726
LUAD,CPNN,stage2_refit_trainval,1,0.302766986896962,0.32210787985301126
LUAD,CPNN,stage2_refit_trainval,2,0.3100295206811488,0.32126887978674046
LUAD,CPNN,stage2_refit_trainval,3,0.3070685263754295,0.33837077625731227
LUAD,AbMIL,stage1_trainval_holdout,0,0.21678879857063293,0.2386929942279119
LUAD,AbMIL,stage1_trainval_holdout,1,0.2534657418727875,0.2665014807304083
LUAD,AbMIL,stage1_trainval_holdout,2,0.24124746024608612,0.2530918497151838
LUAD,AbMIL,stage1_trainval_holdout,3,0.25725993514060974,0.26911706696350224
LUAD,AbMIL,stage2_refit_trainval,0,0.289268434047699,0.30083439848116134
LUAD,AbMIL,stage2_refit_trainval,1,0.3073529601097107,0.3186174809626968
LUAD,AbMIL,stage2_refit_trainval,2,0.3182441294193268,0.3345811313433137
LUAD,AbMIL,stage2_refit_trainval,3,0.3170222342014313,0.3403116004848856
LUAD,AbMIL mean-pool,stage1_trainval_holdout,0,0.22724618017673492,0.24772416156488103
LUAD,AbMIL mean-pool,stage1_trainval_holdout,1,0.254751056432724,0.27237081858120044
LUAD,AbMIL mean-pool,stage1_trainval_holdout,2,0.2526998817920685,0.2694624886273033
LUAD,AbMIL mean-pool,stage1_trainval_holdout,3,0.25850018858909607,0.2756007734906296
LUAD,AbMIL mean-pool,stage2_refit_trainval,0,0.28587639331817627,0.31023381747129164
LUAD,AbMIL mean-pool,stage2_refit_trainval,1,0.28370195627212524,0.30113361440618164
LUAD,AbMIL mean-pool,stage2_refit_trainval,2,0.3066047728061676,0.31947024939597496
LUAD,AbMIL mean-pool,stage2_refit_trainval,3,0.2917991578578949,0.32821479008026855
LUAD,AbMIL max-pool,stage1_trainval_holdout,0,0.18576814234256744,0.19603201794424838
LUAD,AbMIL max-pool,stage1_trainval_holdout,1,0.2045224905014038,0.23043746109707688
LUAD,AbMIL max-pool,stage1_trainval_holdout,2,0.21040396392345428,0.21871923938758378
LUAD,AbMIL max-pool,stage1_trainval_holdout,3,0.18880105018615723,0.2141255262513994
LUAD,AbMIL max-pool,stage2_refit_trainval,0,0.23738911747932434,0.2630288491119358
LUAD,AbMIL max-pool,stage2_refit_trainval,1,0.2802644968032837,0.2974955470660614
LUAD,AbMIL max-pool,stage2_refit_trainval,2,0.25707051157951355,0.27079673682930955
LUAD,AbMIL max-pool,stage2_refit_trainval,3,0.2565896213054657,0.281437970189636
LUAD,ILRA,stage1_trainval_holdout,0,0.19066844880580902,0.2490376356636363
LUAD,ILRA,stage1_trainval_holdout,1,0.14146463572978973,0.15480536257729338
LUAD,ILRA,stage1_trainval_holdout,2,0.21306897699832916,0.2303137847512801
LUAD,ILRA,stage1_trainval_holdout,3,0.21350163221359253,0.24391647416569032
LUAD,ILRA,stage2_refit_trainval,0,0.2758409082889557,0.2938118465844146
LUAD,ILRA,stage2_refit_trainval,1,0.2905994951725006,0.3133279595249739
LUAD,ILRA,stage2_refit_trainval,2,0.2833313047885895,0.30065729038238626
LUAD,ILRA,stage2_refit_trainval,3,0.27030038833618164,0.3077281577178497
LUAD,S4Model,stage1_trainval_holdout,0,0.2543931305408478,0.2685667822635159
LUAD,S4Model,stage1_trainval_holdout,1,0.27283841371536255,0.28828065198069963
LUAD,S4Model,stage1_trainval_holdout,2,0.2803940176963806,0.2829487048021302
LUAD,S4Model,stage1_trainval_holdout,3,0.26847749948501587,0.2855060862101602
LUAD,S4Model,stage2_refit_trainval,0,0.2828456461429596,0.30040584335980575
LUAD,S4Model,stage2_refit_trainval,1,0.302703857421875,0.32130471981405617
LUAD,S4Model,stage2_refit_trainval,2,0.30980175733566284,0.3184553155634496
LUAD,S4Model,stage2_refit_trainval,3,0.30041104555130005,0.31936803059571583
LUAD,MambaMIL,stage1_trainval_holdout,0,0.24635843932628632,0.2698674623271011
LUAD,MambaMIL,stage1_trainval_holdout,1,0.29261085391044617,0.29634583964809874
LUAD,MambaMIL,stage1_trainval_holdout,2,0.2868455648422241,0.2948690308717438
LUAD,MambaMIL,stage1_trainval_holdout,3,0.24534070491790771,0.263998160122328
LUAD,MambaMIL,stage2_refit_trainval,0,0.2915152907371521,0.3086881213697286
LUAD,MambaMIL,stage2_refit_trainval,1,0.3259924054145813,0.3401024088009844
LUAD,MambaMIL,stage2_refit_trainval,2,0.3380378186702728,0.34731707293341785
LUAD,MambaMIL,stage2_refit_trainval,3,0.321777880191803,0.34379627191992196
LUAD,SRMambaMIL,stage1_trainval_holdout,0,0.25049811601638794,0.26227059079448095
LUAD,SRMambaMIL,stage1_trainval_holdout,1,0.2807280719280243,0.28997738594295913
LUAD,SRMambaMIL,stage1_trainval_holdout,2,0.2795441150665283,0.2869496928310597
LUAD,SRMambaMIL,stage1_trainval_holdout,3,0.2733711302280426,0.2915132865798902
LUAD,SRMambaMIL,stage2_refit_trainval,0,0.2778348922729492,0.291071030792717
LUAD,SRMambaMIL,stage2_refit_trainval,1,0.31886160373687744,0.3295941229039381
LUAD,SRMambaMIL,stage2_refit_trainval,2,0.32646745443344116,0.3378429752621043
LUAD,SRMambaMIL,stage2_refit_trainval,3,0.3220173716545105,0.34520213781371745
LUAD,2DMamba,stage1_trainval_holdout,0,0.26726457476615906,0.28628176013685397
LUAD,2DMamba,stage1_trainval_holdout,1,0.25906217098236084,0.2613531779129754
LUAD,2DMamba,stage1_trainval_holdout,2,0.25760889053344727,0.26922938594580925
LUAD,2DMamba,stage1_trainval_holdout,3,0.2608656585216522,0.27234443735457753
LUAD,2DMamba,stage2_refit_trainval,0,0.3071845471858978,0.3261404793597198
LUAD,2DMamba,stage2_refit_trainval,1,0.29489240050315857,0.3049522224492158
LUAD,2DMamba,stage2_refit_trainval,2,0.284099280834198,0.2972733333990055
LUAD,2DMamba,stage2_refit_trainval,3,0.3146277368068695,0.32322970579622945
LUAD,AbReg,stage1_trainval_holdout,0,0.21409939229488373,0.22132763775818484
LUAD,AbReg,stage1_trainval_holdout,1,0.18021264672279358,0.18666083973175157
LUAD,AbReg,stage1_trainval_holdout,2,0.2050022929906845,0.20767326549996648
LUAD,AbReg,stage1_trainval_holdout,3,0.21279221773147583,0.2243001063401039
LUAD,AbReg,stage2_refit_trainval,0,0.28202739357948303,0.30150375574049987
LUAD,AbReg,stage2_refit_trainval,1,0.29116177558898926,0.3057848593840624
LUAD,AbReg,stage2_refit_trainval,2,0.3049374222755432,0.3109136138753353
LUAD,AbReg,stage2_refit_trainval,3,0.30722397565841675,0.32435667780501765
LUAD,HE2RNA,stage1_trainval_holdout,0,0.22336044907569885,0.24118010256810424
LUAD,HE2RNA,stage1_trainval_holdout,1,0.23535095155239105,0.25986331338954377
LUAD,HE2RNA,stage1_trainval_holdout,2,0.20071007311344147,0.21841017388632322
LUAD,HE2RNA,stage1_trainval_holdout,3,0.22902768850326538,0.2530757925843046
LUAD,HE2RNA,stage2_refit_trainval,0,0.26370301842689514,0.28647869944473003
LUAD,HE2RNA,stage2_refit_trainval,1,0.28808560967445374,0.31148954746484153
LUAD,HE2RNA,stage2_refit_trainval,2,0.2749168574810028,0.2884638202887801
LUAD,HE2RNA,stage2_refit_trainval,3,0.27537357807159424,0.3012559882961522
LUAD,MOSBY,stage1_trainval_holdout,0,0.2163102775812149,0.24403447622930405
LUAD,MOSBY,stage1_trainval_holdout,1,0.31032878160476685,0.3237988631287586
LUAD,MOSBY,stage1_trainval_holdout,2,0.2641656994819641,0.2805025933597502
LUAD,MOSBY,stage1_trainval_holdout,3,0.24385422468185425,0.29024348470556816
LUAD,MOSBY,stage2_refit_trainval,0,0.2592947781085968,0.2847456332197668
LUAD,MOSBY,stage2_refit_trainval,1,0.3222804069519043,0.33234086071067803
LUAD,MOSBY,stage2_refit_trainval,2,0.2961671054363251,0.30660391485361943
LUAD,MOSBY,stage2_refit_trainval,3,0.2795644998550415,0.30679995902312646
LUAD,SEQUOIA VIS,stage1_trainval_holdout,0,0.25926923751831055,0.2648497160913938
LUAD,SEQUOIA VIS,stage1_trainval_holdout,1,0.25703856348991394,0.265106321036181
LUAD,SEQUOIA VIS,stage1_trainval_holdout,2,0.2647034823894501,0.2735590874438367
LUAD,SEQUOIA VIS,stage1_trainval_holdout,3,0.26587390899658203,0.2850417598141255
LUAD,SEQUOIA VIS,stage2_refit_trainval,0,0.3186160922050476,0.32478121569501534
LUAD,SEQUOIA VIS,stage2_refit_trainval,1,0.30068808794021606,0.3126346257019323
LUAD,SEQUOIA VIS,stage2_refit_trainval,2,0.3362863063812256,0.34833715849507335
LUAD,SEQUOIA VIS,stage2_refit_trainval,3,0.31296977400779724,0.33789426010917034
LUAD,tRNAformer,stage1_trainval_holdout,0,0.2690390348434448,0.2775099244155372
LUAD,tRNAformer,stage1_trainval_holdout,1,0.27574658393859863,0.2903412937902507
LUAD,tRNAformer,stage1_trainval_holdout,2,0.2745858132839203,0.28445226148355074
LUAD,tRNAformer,stage1_trainval_holdout,3,0.2698613703250885,0.2958331280417075
LUAD,tRNAformer,stage2_refit_trainval,0,0.3139245808124542,0.32707272297266426
LUAD,tRNAformer,stage2_refit_trainval,1,0.3136868178844452,0.33783302511625585
LUAD,tRNAformer,stage2_refit_trainval,2,0.3300381600856781,0.34258078084022947
LUAD,tRNAformer,stage2_refit_trainval,3,0.3066937029361725,0.33782033567375586
LUAD,MoSPR (ours),stage1_trainval_holdout,0,0.3242172771618881,0.3407643965891559
LUAD,MoSPR (ours),stage1_trainval_holdout,1,0.3441237963565391,0.3625896021881723
LUAD,MoSPR (ours),stage1_trainval_holdout,2,0.3270279568045877,0.3383893920950193
LUAD,MoSPR (ours),stage1_trainval_holdout,3,0.3280137721428282,0.348008196838391
LUAD,MoSPR (ours),stage2_refit_trainval,0,0.3556112148306421,0.3703788679856487
LUAD,MoSPR (ours),stage2_refit_trainval,1,0.3716707929968658,0.3938514348776502
LUAD,MoSPR (ours),stage2_refit_trainval,2,0.3542299747384047,0.3683812419016175
LUAD,MoSPR (ours),stage2_refit_trainval,3,0.3506736053673513,0.3700637551732122
