cohort,model,n_fold,SCC_stage1,SCC_stage2,SCC_delta,SCC_folds_up,SCC_verdict,PCC_stage1,PCC_stage2,PCC_delta,PCC_folds_up,PCC_verdict
BRCA,ILRA,4,0.10471582766568788,0.27074688533550145,0.1660310576698136,4,up,0.05393413407728076,0.23785167187452316,0.1839175377972424,4,up
BRCA,AbReg,4,0.24357795052063233,0.34852655020745066,0.10494859968681829,4,up,0.2441137693822384,0.35530200600624084,0.11118823662400246,4,up
BRCA,HE2RNA,4,0.2206484276966949,0.29275084276010277,0.07210241506340785,4,up,0.2316228523850441,0.3003517985343933,0.06872894614934921,4,up
BRCA,AbMIL mean-pool,4,0.2819676595584578,0.33808961657977854,0.05612195702132072,4,up,0.2568606622517109,0.3357075825333595,0.07884692028164864,4,up
BRCA,AbMIL,4,0.3081905012879495,0.36328518531439796,0.05509468402644843,4,up,0.30131228268146515,0.3698405995965004,0.06852831691503525,4,up
BRCA,AbMIL max-pool,4,0.22884519638208467,0.28328793283091486,0.05444273644883015,4,up,0.24178962036967278,0.29424555599689484,0.05245593562722206,4,up
BRCA,MambaMIL,4,0.3106677607606203,0.3558802433233292,0.045212482562708864,4,up,0.31150947511196136,0.3629668951034546,0.051457419991493225,4,up
BRCA,SRMambaMIL,4,0.3169594505931779,0.35218985736174363,0.0352304067685657,4,up,0.3220321461558342,0.3612414374947548,0.03920929133892059,4,up
BRCA,S4Model,4,0.29483507736375436,0.3297239288305331,0.03488885146677875,4,up,0.294961653649807,0.3283768519759178,0.03341519832611084,4,up
BRCA,2DMamba,4,0.3138216574201327,0.34760814701280474,0.03378648959267211,4,up,0.3164040297269821,0.35194405913352966,0.035540029406547546,4,up
BRCA,MOSBY,4,0.3220497011630331,0.34926898910703763,0.027219287944004494,4,up,0.3130756691098213,0.34279636293649673,0.029720693826675415,4,up
BRCA,tRNAformer,4,0.30697778918794427,0.3322101067914392,0.025232317603494883,4,up,0.305804967880249,0.34113742411136627,0.03533245623111725,4,up
BRCA,SEQUOIA VIS,4,0.31279733142228344,0.3374080004636355,0.024610669041352062,4,up,0.31450576335191727,0.3527267575263977,0.03822099417448044,4,up
BRCA,MoSPR (ours),4,0.39001123596256365,0.41057830616486757,0.02056707020230389,4,up,0.39021683749946956,0.41340496784457453,0.023188130345105,4,up
BRCA,CPNN,4,0.3479328437335452,0.3559971724322509,0.008064328698705686,4,up,0.34741651606501056,0.3596971647736202,0.012280648708609593,4,up
KIRC,AbReg,4,0.18190286594047358,0.2927138582103236,0.11081099226985,4,up,0.17861096560955048,0.2892617993056774,0.11065083369612694,4,up
KIRC,ILRA,4,0.18168603218372742,0.2480471313627354,0.06636109917900798,4,up,0.1296302534174174,0.19081780221313238,0.061187548795714974,4,up
KIRC,AbMIL,4,0.23668534841438643,0.29899978565882007,0.062314437244433606,4,up,0.2328200601041317,0.29252105951309204,0.05970099940896034,4,up
KIRC,AbMIL max-pool,4,0.19071323106813892,0.24434778273245938,0.05363455166432048,4,up,0.1775980480015278,0.2356356382369995,0.058037590235471725,4,up
KIRC,SEQUOIA VIS,4,0.26252594859615525,0.3141704016441439,0.051644453047988655,4,up,0.26073621585965157,0.3098992481827736,0.049163032323122025,4,up
KIRC,2DMamba,4,0.24142522183777188,0.2923673600117467,0.05094213817397478,4,up,0.23784716799855232,0.28746969997882843,0.04962253198027611,4,up
KIRC,MOSBY,4,0.24255913575647808,0.288666270918464,0.046107135161985904,4,up,0.21376296132802963,0.26426544040441513,0.0505024790763855,4,up
KIRC,HE2RNA,4,0.22740354855487005,0.2726606875381651,0.045257138983295024,4,up,0.20669635385274887,0.25563525408506393,0.048938900232315063,4,up
KIRC,AbMIL mean-pool,4,0.24811879684923724,0.2929892524650069,0.044870455615769696,4,up,0.247487124055624,0.2847355902194977,0.03724846616387367,4,up
KIRC,tRNAformer,4,0.28133017633451984,0.3190883669456193,0.03775819061109947,4,up,0.26614491641521454,0.3116520494222641,0.04550713300704956,4,up
KIRC,SRMambaMIL,4,0.2637647382215836,0.2939505345017799,0.030185796280196298,4,up,0.26303187012672424,0.2924354374408722,0.02940356731414795,4,up
KIRC,S4Model,4,0.25375009002225923,0.27445756894273793,0.020707478920478695,4,up,0.24931742250919342,0.2689480185508728,0.019630596041679382,4,up
KIRC,MambaMIL,4,0.2706949414051922,0.2896494221644266,0.01895448075923438,4,up,0.2639632746577263,0.28950175642967224,0.025538481771945953,4,up
KIRC,MoSPR (ours),4,0.33323913059619603,0.34788633107152056,0.01464720047532457,4,up,0.3160417158793946,0.33404833039803494,0.0180066145186404,4,up
KIRC,CPNN,4,0.3014135479093633,0.30977330989365226,0.00835976198428895,4,up,0.2839555653254073,0.2926715790624932,0.008716013737085873,4,up
LUAD,AbReg,4,0.20999046233250168,0.31063972670122875,0.1006492643687271,4,up,0.2030266374349594,0.29633764177560806,0.09331100434064865,4,up
LUAD,ILRA,4,0.21951831428947502,0.3038813135524061,0.08436299926293109,4,up,0.1896759234368801,0.28001802414655685,0.09034210070967674,4,up
LUAD,AbMIL,4,0.2568508479092515,0.3235861528180144,0.06673530490876281,4,up,0.24219048395752907,0.30797193944454193,0.06578145548701286,4,up
LUAD,AbMIL max-pool,4,0.2148285611700771,0.27818977579923565,0.06336121462915859,4,up,0.1973739117383957,0.2578284367918968,0.06045452505350113,4,up
LUAD,SEQUOIA VIS,4,0.2721392210963842,0.3309118150002978,0.05877259390391358,4,up,0.26172129809856415,0.3171400651335716,0.05541876703500748,4,up
LUAD,HE2RNA,4,0.24313234560706898,0.29692201387362593,0.053789668266557,4,up,0.2221122905611992,0.2755197659134865,0.05340747535228729,4,up
LUAD,MambaMIL,4,0.2812701232423179,0.3349759687560132,0.05370584551369528,4,up,0.2677888907492161,0.3193308487534523,0.05154195800423622,4,up
LUAD,tRNAformer,4,0.28703415193276155,0.33632671615072635,0.049292564217964824,4,up,0.27230820059776306,0.3160858154296875,0.04377761483192444,4,up
LUAD,AbMIL mean-pool,4,0.2662895605660036,0.3147631178384292,0.048473557272425596,4,up,0.24829932674765587,0.291995570063591,0.043696243315935135,4,up
LUAD,SRMambaMIL,4,0.2826777390370975,0.3259275666931192,0.043249827656021714,4,up,0.2710353583097458,0.3112953305244446,0.04025997221469879,4,up
LUAD,2DMamba,4,0.27230219033755404,0.3128989352510426,0.04059674491348861,4,up,0.26120032370090485,0.300200991332531,0.03900066763162613,4,up
LUAD,S4Model,4,0.2813255563141265,0.31488347733325683,0.033557921019130355,4,up,0.2690257653594017,0.29894057661294937,0.02991481125354767,4,up
LUAD,MoSPR (ours),4,0.3474378969276847,0.37566882498453213,0.0282309280568475,4,up,0.3308457006164608,0.358046396983316,0.02720069636685521,4,up
LUAD,MOSBY,4,0.28464485435584524,0.3076225919517977,0.02297773759595243,4,up,0.25866474583745,0.2893266975879669,0.03066195175051689,4,up
LUAD,CPNN,4,0.3156599293907677,0.3251952772754978,0.00953534788473008,4,up,0.29433517469970094,0.30516947245270165,0.01083429775300071,4,up
