cohort,model,stage,fold,hallmark_scc,gobp_scc,kegg_scc
BRCA,Max,stage1_trainval_holdout,0,0.3228391722263693,0.2949171066784239,0.2553242702885789
BRCA,Max,stage1_trainval_holdout,1,0.3233733645559023,0.305105899388744,0.28728117997355723
BRCA,Max,stage1_trainval_holdout,2,0.32359395737348184,0.2887066803334674,0.25379986057248793
BRCA,Max,stage1_trainval_holdout,3,0.2979039863418098,0.2575716680154212,0.2504116438743871
BRCA,Mean,stage1_trainval_holdout,0,0.3936831958983129,0.3424752429540315,0.30886478727874134
BRCA,Mean,stage1_trainval_holdout,1,0.4629171149097185,0.4387913253484809,0.4117448097327019
BRCA,Mean,stage1_trainval_holdout,2,0.41921606621359986,0.4087973075803597,0.35687490771852315
BRCA,Mean,stage1_trainval_holdout,3,0.38478869968723606,0.36327888867550573,0.3283869575432101
BRCA,AbMIL,stage1_trainval_holdout,0,0.3820498718343466,0.35664287026947056,0.32011520741729305
BRCA,AbMIL,stage1_trainval_holdout,1,0.502168543820114,0.4790191011967746,0.45137094903002994
BRCA,AbMIL,stage1_trainval_holdout,2,0.42539587514782956,0.4186889589726643,0.3785928184953099
BRCA,AbMIL,stage1_trainval_holdout,3,0.45388594322138487,0.4221399998609672,0.3832441287939261
BRCA,HE2RNA,stage1_trainval_holdout,0,0.2549539902364383,0.24455331456764906,0.2026543150207415
BRCA,HE2RNA,stage1_trainval_holdout,1,0.3239380398782249,0.3376594559973122,0.298675313213261
BRCA,HE2RNA,stage1_trainval_holdout,2,0.22778242980003516,0.25063248317583314,0.22885612631119134
BRCA,HE2RNA,stage1_trainval_holdout,3,0.27068136797843106,0.2435163298864494,0.2298746396157604
BRCA,AbReg,stage1_trainval_holdout,0,0.4058833197339464,0.3405862745319983,0.3232498729496664
BRCA,AbReg,stage1_trainval_holdout,1,0.4769349491580215,0.42956364205564174,0.4168191190995065
BRCA,AbReg,stage1_trainval_holdout,2,0.41517782390040103,0.3871172684119027,0.3614990068189126
BRCA,AbReg,stage1_trainval_holdout,3,0.44783261067279206,0.3953697629497016,0.38272706897107256
BRCA,tRNAformer,stage1_trainval_holdout,0,0.40742762000057775,0.3603187236767723,0.3264729662866569
BRCA,tRNAformer,stage1_trainval_holdout,1,0.4613019274255211,0.4485426563929323,0.4169064544164478
BRCA,tRNAformer,stage1_trainval_holdout,2,0.3956634459499412,0.36787594232983306,0.33791537310676595
BRCA,tRNAformer,stage1_trainval_holdout,3,0.43004006204905343,0.3688502847548921,0.33151568959082245
BRCA,ILRA,stage1_trainval_holdout,0,0.2130527450966887,0.20205832254212802,0.16041471366222712
BRCA,ILRA,stage1_trainval_holdout,1,0.0780789264873406,-0.0238240305648287,-0.013777677299632467
BRCA,ILRA,stage1_trainval_holdout,2,0.1534506588509939,0.15583559910888742,0.12723233861768946
BRCA,ILRA,stage1_trainval_holdout,3,0.29312060167055454,0.22829041727094643,0.21825303170387186
BRCA,S4MIL,stage1_trainval_holdout,0,0.40119300458733465,0.37009979779625757,0.3442964794406132
BRCA,S4MIL,stage1_trainval_holdout,1,0.44950134205408965,0.4260100232387206,0.40068302409242185
BRCA,S4MIL,stage1_trainval_holdout,2,0.3936123706238135,0.36099787561702373,0.3203821536670557
BRCA,S4MIL,stage1_trainval_holdout,3,0.3857269338012968,0.32913972321667095,0.30528374560992877
BRCA,MambaMIL,stage1_trainval_holdout,0,0.43530101080637973,0.4164680126323849,0.3703328539182409
BRCA,MambaMIL,stage1_trainval_holdout,1,0.49427716977565184,0.47322717349257293,0.4515320247292393
BRCA,MambaMIL,stage1_trainval_holdout,2,0.40635689512693196,0.38266529091603746,0.3484898665909261
BRCA,MambaMIL,stage1_trainval_holdout,3,0.4371921314235821,0.4082457151584747,0.3709332709595971
BRCA,SRMambaMIL,stage1_trainval_holdout,0,0.37809568629803036,0.361595312861615,0.3254568658714892
BRCA,SRMambaMIL,stage1_trainval_holdout,1,0.4974101953011181,0.4753171519319003,0.45847126781319025
BRCA,SRMambaMIL,stage1_trainval_holdout,2,0.48118961520282205,0.4671659528516946,0.4227094186236185
BRCA,SRMambaMIL,stage1_trainval_holdout,3,0.4148985923395313,0.37660153161881504,0.32667827369784175
BRCA,MOSBY,stage1_trainval_holdout,0,0.3688340724254344,0.3336524907528055,0.294732725298584
BRCA,MOSBY,stage1_trainval_holdout,1,0.37833719990662257,0.3380699744711073,0.3199059886058149
BRCA,MOSBY,stage1_trainval_holdout,2,0.341445565366554,0.3487397342375504,0.3216112208790518
BRCA,MOSBY,stage1_trainval_holdout,3,0.2974587641795515,0.2698605584560929,0.24561302276574837
BRCA,SEQUOIA VIS,stage1_trainval_holdout,0,0.4374617566539965,0.3821263433743723,0.35606441769170427
BRCA,SEQUOIA VIS,stage1_trainval_holdout,1,0.4896744953969996,0.47224469669573726,0.44293711281543446
BRCA,SEQUOIA VIS,stage1_trainval_holdout,2,0.4200927575314254,0.3915872106450526,0.36215915022244244
BRCA,SEQUOIA VIS,stage1_trainval_holdout,3,0.4211162826022288,0.3722557814863821,0.3487216047800408
BRCA,2DMamba,stage1_trainval_holdout,0,0.40631945027888694,0.3807127123344675,0.34211552325741823
BRCA,2DMamba,stage1_trainval_holdout,1,0.445698401845928,0.42318798184390577,0.39819345168037606
BRCA,2DMamba,stage1_trainval_holdout,2,0.4471095981986952,0.4213047703813372,0.3852437162498208
BRCA,2DMamba,stage1_trainval_holdout,3,0.40009116163272596,0.3603801717609238,0.33119499011963005
BRCA,CPNN,stage1_trainval_holdout,0,0.34726315035172367,0.33736912898145427,0.2983277980552712
BRCA,CPNN,stage1_trainval_holdout,1,0.38335324526768444,0.3719109228398977,0.3182888589880928
BRCA,CPNN,stage1_trainval_holdout,2,0.42339213933211417,0.3997317913364277,0.3395658226531105
BRCA,CPNN,stage1_trainval_holdout,3,0.39360233621321616,0.3835263394333345,0.3351573816970124
BRCA,MoSPR (ours),stage1_trainval_holdout,0,0.5075385765660467,0.4745874755025342,0.44065492898365943
BRCA,MoSPR (ours),stage1_trainval_holdout,1,0.5285911490410654,0.5001047234916982,0.4805258326619488
BRCA,MoSPR (ours),stage1_trainval_holdout,2,0.516708146406679,0.49940816509326863,0.4563103961973821
BRCA,MoSPR (ours),stage1_trainval_holdout,3,0.5235165844449792,0.49520098116375305,0.46067760048270556
BRCA,Max,stage2_refit_trainval,0,0.3574355038510074,0.3344088306986793,0.3174387642080898
BRCA,Max,stage2_refit_trainval,1,0.37057467428319335,0.36382412160950695,0.353261646360107
BRCA,Max,stage2_refit_trainval,2,0.350541912983934,0.3326771955879785,0.306027236126403
BRCA,Max,stage2_refit_trainval,3,0.3458989476713531,0.3178051599946056,0.30528827370778566
BRCA,Mean,stage2_refit_trainval,0,0.4535933673307321,0.4100683157994038,0.37384477904807467
BRCA,Mean,stage2_refit_trainval,1,0.4936033101342343,0.4837738082154116,0.4639999757331149
BRCA,Mean,stage2_refit_trainval,2,0.4489780522596559,0.4449203886088521,0.41036090733260194
BRCA,Mean,stage2_refit_trainval,3,0.47994679853190003,0.4539666535061593,0.4107892823438446
BRCA,AbMIL,stage2_refit_trainval,0,0.49912415811187893,0.4585621966814535,0.41785572831705875
BRCA,AbMIL,stage2_refit_trainval,1,0.5426100150478035,0.5263554498957087,0.5065178911571311
BRCA,AbMIL,stage2_refit_trainval,2,0.4545244221295627,0.45085045127981754,0.4212386164501202
BRCA,AbMIL,stage2_refit_trainval,3,0.5020122193887795,0.46909894463894436,0.43839562640534346
BRCA,HE2RNA,stage2_refit_trainval,0,0.3186143017150414,0.3104258991458386,0.274981765185788
BRCA,HE2RNA,stage2_refit_trainval,1,0.3709286888097526,0.36931052743359555,0.3416204980127233
BRCA,HE2RNA,stage2_refit_trainval,2,0.3149812010624663,0.32947352456667434,0.29256861331622086
BRCA,HE2RNA,stage2_refit_trainval,3,0.32706689463688826,0.3058759473810029,0.2925306639484089
BRCA,AbReg,stage2_refit_trainval,0,0.46120058619573906,0.4190591840052895,0.38086086077034287
BRCA,AbReg,stage2_refit_trainval,1,0.5130081372468276,0.48779790887870467,0.46802371224637207
BRCA,AbReg,stage2_refit_trainval,2,0.47908646641524105,0.45779491469056394,0.4276187686200814
BRCA,AbReg,stage2_refit_trainval,3,0.47006122662405614,0.44923454648360833,0.42361860738279355
BRCA,tRNAformer,stage2_refit_trainval,0,0.4126242859872171,0.375635973143932,0.33660787300800743
BRCA,tRNAformer,stage2_refit_trainval,1,0.4197036122254767,0.3928031814657629,0.3528569542868861
BRCA,tRNAformer,stage2_refit_trainval,2,0.39989062146302856,0.38923832124508834,0.35964299455235516
BRCA,tRNAformer,stage2_refit_trainval,3,0.4164711272966334,0.3661925360749133,0.33081181513611424
BRCA,ILRA,stage2_refit_trainval,0,0.3132061251593624,0.2795530032200738,0.2404782311680541
BRCA,ILRA,stage2_refit_trainval,1,0.436682957332341,0.39446637606302526,0.37985764768981545
BRCA,ILRA,stage2_refit_trainval,2,0.37873568671006663,0.37172367345946283,0.3323874535075839
BRCA,ILRA,stage2_refit_trainval,3,0.41185332414971443,0.3873555192670065,0.36536701488318346
BRCA,S4MIL,stage2_refit_trainval,0,0.4042054977307622,0.3899980566611509,0.36579894127849133
BRCA,S4MIL,stage2_refit_trainval,1,0.45988447341081296,0.4550271974653998,0.4209527682319303
BRCA,S4MIL,stage2_refit_trainval,2,0.4286983522241991,0.4022875179818851,0.36385323708671824
BRCA,S4MIL,stage2_refit_trainval,3,0.441481892237919,0.4092738381340469,0.3801389550932722
BRCA,MambaMIL,stage2_refit_trainval,0,0.46443636409770206,0.4362270447410726,0.39443935376909145
BRCA,MambaMIL,stage2_refit_trainval,1,0.5483286879031182,0.5130674937026779,0.49045851042427424
BRCA,MambaMIL,stage2_refit_trainval,2,0.4485376734294626,0.44010450379961324,0.40867531730352835
BRCA,MambaMIL,stage2_refit_trainval,3,0.4532575166674552,0.44084973306278297,0.3993603021624109
BRCA,SRMambaMIL,stage2_refit_trainval,0,0.414266603346818,0.3990073751433604,0.35441742707132406
BRCA,SRMambaMIL,stage2_refit_trainval,1,0.5153718351298001,0.4852254316418209,0.4526845595928363
BRCA,SRMambaMIL,stage2_refit_trainval,2,0.48644478639201394,0.47763441797086753,0.4456849217020088
BRCA,SRMambaMIL,stage2_refit_trainval,3,0.4346428735206352,0.4292355292027956,0.39018019566257633
BRCA,MOSBY,stage2_refit_trainval,0,0.4080750790394625,0.37821791937867477,0.3509462260711389
BRCA,MOSBY,stage2_refit_trainval,1,0.43474859234168467,0.40594875499476013,0.39052311670770007
BRCA,MOSBY,stage2_refit_trainval,2,0.39550570827358056,0.39394690316405956,0.3715548292056594
BRCA,MOSBY,stage2_refit_trainval,3,0.3608534191774858,0.3453197182887339,0.30304527431529815
BRCA,SEQUOIA VIS,stage2_refit_trainval,0,0.4406244010593475,0.3989017715880867,0.36253214991862903
BRCA,SEQUOIA VIS,stage2_refit_trainval,1,0.45848079640579603,0.4312925050427099,0.3975804657866252
BRCA,SEQUOIA VIS,stage2_refit_trainval,2,0.44215994892670196,0.42271682300858043,0.4047457737892375
BRCA,SEQUOIA VIS,stage2_refit_trainval,3,0.4336758798661317,0.3983837627881009,0.37456327567807524
BRCA,2DMamba,stage2_refit_trainval,0,0.44276760700611717,0.428390775406179,0.3902516265772046
BRCA,2DMamba,stage2_refit_trainval,1,0.4881897343173241,0.47426803567849646,0.43995399572141025
BRCA,2DMamba,stage2_refit_trainval,2,0.47506139419660565,0.44187609393926897,0.41159124906987843
BRCA,2DMamba,stage2_refit_trainval,3,0.43433710453426844,0.4133198771407595,0.39104732640218076
BRCA,CPNN,stage2_refit_trainval,0,0.3627761912380287,0.34725750602376937,0.309363005431179
BRCA,CPNN,stage2_refit_trainval,1,0.38946435047834516,0.3783733721435211,0.3238529501531716
BRCA,CPNN,stage2_refit_trainval,2,0.43264058029961316,0.40989024335408086,0.3519988774543888
BRCA,CPNN,stage2_refit_trainval,3,0.3791727569154193,0.3722924957933303,0.32357615952276686
BRCA,MoSPR (ours),stage2_refit_trainval,0,0.55014232811516,0.5088833832199283,0.47934060655702426
BRCA,MoSPR (ours),stage2_refit_trainval,1,0.5410345199175184,0.5148935847493291,0.47840271656935535
BRCA,MoSPR (ours),stage2_refit_trainval,2,0.5486385854880127,0.52891888758406,0.5017423671066691
BRCA,MoSPR (ours),stage2_refit_trainval,3,0.5630395970652067,0.5279035157917056,0.48335529359845747
