cohort,fold,frac,n_train,n_fit,n_test,pcc,scc,hall_scc,q,lam
KIRC,0,0.1,32,51,171,0.109292108476177,0.1260791121615701,0.1286107651624125,4,10000.0
KIRC,0,0.25,81,131,171,0.1765453274277323,0.1880339497053054,0.2561732751846797,4,1000.0
KIRC,0,0.5,162,258,171,0.2349145712589679,0.2534704133663675,0.3719853671133782,8,1000.0
KIRC,0,0.75,250,381,171,0.2874534483195152,0.306893996073877,0.4140697808308183,32,10000.0
KIRC,0,1.0,340,510,171,0.2997435297862422,0.3165798847503669,0.4125373002195242,16,10000.0
KIRC,1,0.1,36,54,170,0.2252595752009592,0.2319946790262022,0.2605197771371581,4,10000.0
KIRC,1,0.25,95,133,170,0.2740996337351561,0.2785424895091152,0.3336435608667538,8,1000.0
KIRC,1,0.5,182,262,170,0.3110078061692214,0.3259167508895066,0.3158244438939052,32,10000.0
KIRC,1,0.75,273,388,170,0.3166271029065111,0.3407133874078157,0.3894624226435885,48,10000.0
KIRC,1,1.0,340,511,170,0.3489835613412267,0.3701231131447912,0.4324679353569081,32,10000.0
KIRC,2,0.1,37,52,170,0.1724161101719412,0.1830814472594874,0.1645472918914332,4,1000.0
KIRC,2,0.25,90,132,170,0.2247946692830812,0.2400216659729578,0.2869806681352572,32,10000.0
KIRC,2,0.5,176,262,170,0.285412671070686,0.3005624741826763,0.3084632719555002,16,1000.0
KIRC,2,0.75,250,388,170,0.3094785577069374,0.329829174346135,0.3243856077734886,32,10000.0
KIRC,2,1.0,341,511,170,0.334578170983815,0.3569463380417277,0.3475878947012933,48,10000.0
KIRC,3,0.1,36,50,170,0.1648066937744339,0.1592497598297371,0.1611554605233964,8,1000.0
KIRC,3,0.25,93,128,170,0.268024886717295,0.2572061901255053,0.3119335924956546,8,10000.0
KIRC,3,0.5,192,257,170,0.2911141090789008,0.3035507041279134,0.369263248808475,16,10000.0
KIRC,3,0.75,263,383,170,0.341471921860946,0.333379358205545,0.4353592531087955,16,10000.0
KIRC,3,1.0,341,511,170,0.352888059480856,0.3478959883491966,0.415825961104046,32,10000.0
