model,frac,fold,n_test,scc,pcc,hall_scc,hall_pcc
tRNAformer,0.1,0,367,0.19238997359977478,0.16983115471306726,0.22505282909428653,0.2318608228998672
tRNAformer,0.1,1,367,0.2281038971631114,0.2056824936591665,0.35480102994516616,0.3752469873485972
tRNAformer,0.1,2,367,0.21376231827236541,0.18575656198684048,0.32747555446056037,0.307891934331851
tRNAformer,0.1,3,366,0.1927328414588676,0.17245666847031602,0.25402885977594497,0.25119533206650135
tRNAformer,0.25,0,367,0.24068327868443073,0.21869857970104964,0.324295530221971,0.3240366884274518
tRNAformer,0.25,1,367,0.28836514191199086,0.2824825672557152,0.38763941257347423,0.3949017973484604
tRNAformer,0.25,2,367,0.26217841758588634,0.2597323267503424,0.3601889769057756,0.3684904423969696
tRNAformer,0.25,3,366,0.24722855179816175,0.2275270921227797,0.3325222123158068,0.3369024183406404
tRNAformer,0.5,0,367,0.2925420482057809,0.28925120957836503,0.3983437114209939,0.40533413236980015
tRNAformer,0.5,1,367,0.31263166545928184,0.3131071487291641,0.40916207560314055,0.44325918921524443
tRNAformer,0.5,2,367,0.25059103308936115,0.2332690114767173,0.3491560791624575,0.35981686979444927
tRNAformer,0.5,3,366,0.28268643670069243,0.2642117781572827,0.3933523729734107,0.4066788146425898
tRNAformer,0.75,0,367,0.31418702697183143,0.3016858644023208,0.3950405050420717,0.3711313635375112
tRNAformer,0.75,1,367,0.33273652648547225,0.3304487639139905,0.4313029440104054,0.4668344640456485
tRNAformer,0.75,2,367,0.3197386694563023,0.3209883670733191,0.3960948424114921,0.41389853663480203
tRNAformer,0.75,3,366,0.31759370202068765,0.30231819193115256,0.41899878494899245,0.4312612935713488
tRNAformer,1.0,0,367,0.3318926172659398,0.36300266742754667,0.4126242859872171,0.39882306822159663
tRNAformer,1.0,1,367,0.340839913792456,0.3522206142235537,0.4197036122254767,0.45205870073543086
tRNAformer,1.0,2,367,0.334089335128684,0.340458453492843,0.39989062146302856,0.43466664489367546
tRNAformer,1.0,3,366,0.32201851959660166,0.30886796516931025,0.4164711272966334,0.3993267742893639
SEQUOIA VIS,0.1,0,367,0.19380673690233305,0.18217064288633708,0.26931504199478384,0.29435728392049537
SEQUOIA VIS,0.1,1,367,0.22396778387269745,0.21072202542438556,0.3768500718517138,0.403262429319693
SEQUOIA VIS,0.1,2,367,0.21931222538288755,0.194157599866077,0.3175862093520964,0.33342423339688465
SEQUOIA VIS,0.1,3,366,0.16425631073038516,0.14327011815425902,0.2485116172993072,0.24617338186879517
SEQUOIA VIS,0.25,0,367,0.2509984476020433,0.23117057535943547,0.34923611608438826,0.3670583864471045
SEQUOIA VIS,0.25,1,367,0.28634197519895144,0.3014090429224361,0.42484613903233825,0.4456351517228153
SEQUOIA VIS,0.25,2,367,0.2585558691918874,0.2707671439170026,0.3529979231991258,0.3806008126746072
SEQUOIA VIS,0.25,3,366,0.23599120616873642,0.2134144404253306,0.3398025981931193,0.32984350332347556
SEQUOIA VIS,0.5,0,367,0.284263659569315,0.26774227554161883,0.3939715421575688,0.36181388163148653
SEQUOIA VIS,0.5,1,367,0.3165049453122657,0.32504483340069057,0.43729976680146876,0.4719764609044871
SEQUOIA VIS,0.5,2,367,0.3059433729151583,0.3192804814099731,0.3852723020311081,0.4302614599554595
SEQUOIA VIS,0.5,3,366,0.28802264268599265,0.26694278837883423,0.42580561745718504,0.4467608507326494
SEQUOIA VIS,0.75,0,367,0.31020550228766997,0.2883494206617314,0.41945622909643915,0.36404333199572503
SEQUOIA VIS,0.75,1,367,0.32738916732084944,0.32859689927839825,0.43079665407717077,0.4747411567352341
SEQUOIA VIS,0.75,2,367,0.31597076132114005,0.3320299265694616,0.39300933809117844,0.42318441605008283
SEQUOIA VIS,0.75,3,366,0.3132073364441179,0.2998520896065025,0.4538752348818583,0.4741716285755476
SEQUOIA VIS,1.0,0,367,0.33732743351099603,0.3793487046433888,0.4406244010593475,0.44142501510868826
SEQUOIA VIS,1.0,1,367,0.3422032347019475,0.37444800958552604,0.45848079640579603,0.47921178564068223
SEQUOIA VIS,1.0,2,367,0.34213591587731074,0.35092987819992744,0.44215994892670196,0.466460791331854
SEQUOIA VIS,1.0,3,366,0.32796538681374543,0.3061804393776485,0.4336758798661317,0.42867956983499406
MOSBY,0.1,0,367,0.17122359122820013,0.11889702515641691,0.17257447751840255,0.1419788681185686
MOSBY,0.1,1,367,0.16439318479323212,0.1424266941085785,0.11658202707397884,0.09333404662857614
MOSBY,0.1,2,367,0.1679537478061131,0.17046911520360103,0.14292805675324705,0.14018265996123358
MOSBY,0.1,3,366,0.12243312087071896,0.08154226667150709,0.07113262352084432,-0.007007804279073008
MOSBY,0.25,0,367,0.2527806714973774,0.22327287604578883,0.2980667630603103,0.3171141228530741
MOSBY,0.25,1,367,0.27138282704598843,0.24530395126568721,0.2818100684509761,0.23624893087549362
MOSBY,0.25,2,367,0.25709075320608576,0.259001257145978,0.26419913717644306,0.29525500475085165
MOSBY,0.25,3,366,0.22094792594649498,0.20154239370220856,0.14249036693379258,0.14554933911560353
MOSBY,0.5,0,367,0.2830820164250026,0.2512753442756794,0.3047827243338266,0.2869850882291232
MOSBY,0.5,1,367,0.31587228995359073,0.3083391066585241,0.3704735012648881,0.3887488402980846
MOSBY,0.5,2,367,0.3119464774098946,0.2970577979190618,0.37750552704783014,0.39185117178579115
MOSBY,0.5,3,366,0.29827705356710615,0.27364845809721705,0.3176982601708748,0.293934869369022
MOSBY,0.75,0,367,0.3012839526724072,0.26494501634965656,0.2974284077761905,0.29844107773365053
MOSBY,0.75,1,367,0.33930858888142773,0.3326611949260687,0.4306932354669776,0.43606313738003655
MOSBY,0.75,2,367,0.3138296449010957,0.2935573837555763,0.34593274403682833,0.345095346279742
MOSBY,0.75,3,366,0.33131675453583115,0.30892055990919703,0.38304984891965865,0.3936331727315199
MOSBY,1.0,0,367,0.34704201321401756,0.36880660841632096,0.4080750790394625,0.38500545740165504
MOSBY,1.0,1,367,0.35576828183044723,0.35324391994489374,0.43474859234168467,0.45118426155227065
MOSBY,1.0,2,367,0.3554154185937988,0.32961765871047166,0.39550570827358056,0.4006585476123491
MOSBY,1.0,3,366,0.3388503630863849,0.3195172813464459,0.3608534191774858,0.3750110345971396
AbMIL,0.1,0,367,0.19928351711260323,0.17452795164559173,0.28902934432172633,0.32877036457467984
AbMIL,0.1,1,367,0.2290449822418935,0.21634875255724045,0.37002213729540046,0.3712308048809714
AbMIL,0.1,2,367,0.21004905949318986,0.18562095206150311,0.2464585342661194,0.25337436207890934
AbMIL,0.1,3,366,0.1986892379477279,0.18092754745285922,0.2585222626128212,0.21135336233413698
AbMIL,0.25,0,367,0.2482474698518577,0.22441786263349436,0.35082921247655985,0.3499286203322205
AbMIL,0.25,1,367,0.2880248620638912,0.31431397774620107,0.4327014015315746,0.45778044978994925
AbMIL,0.25,2,367,0.27317424645214405,0.2688487115306086,0.38999593548672323,0.44675645849261625
AbMIL,0.25,3,366,0.2482005681493167,0.20302833503364304,0.37263320456180943,0.3697365580665848
AbMIL,0.5,0,367,0.29531823533412593,0.2944811560315817,0.4159467923262411,0.4136990177388394
AbMIL,0.5,1,367,0.3311165979755764,0.3533649926007651,0.4616481734179815,0.5022500033405191
AbMIL,0.5,2,367,0.3010718215610847,0.2887275740113696,0.42753106914245886,0.4627163996454342
AbMIL,0.5,3,366,0.30882482808543016,0.24500225239468276,0.4304314977516326,0.23766971816747465
AbMIL,0.75,0,367,0.3236859546304952,0.3127499081270231,0.4632999727362399,0.48030094618716956
AbMIL,0.75,1,367,0.3562576724928933,0.37882183084373167,0.504600216376453,0.5385947062268842
AbMIL,0.75,2,367,0.3338414431125669,0.32416695967540987,0.45351293459042247,0.49528270598823
AbMIL,0.75,3,366,0.3366065930758717,0.3250422869638585,0.4456892906236689,0.4662977628561983
AbMIL,1.0,0,367,0.35917258897544835,0.3842563231161368,0.49912415811187893,0.5175264125140111
AbMIL,1.0,1,367,0.3808909786744018,0.3970135259146055,0.5426100150478035,0.5745241178304397
AbMIL,1.0,2,367,0.34877244643919947,0.3454338214157991,0.4545244221295627,0.48893046290845177
AbMIL,1.0,3,366,0.3643046288955306,0.3526586526734662,0.5020122193887795,0.5562518848604397
MambaMIL,0.1,0,367,0.17755385717208286,0.16338285398979563,0.19637976446992944,0.22198129470033745
MambaMIL,0.1,1,367,0.20265607776076122,0.18597944849215547,0.2811117500654813,0.3112112878215644
MambaMIL,0.1,2,367,0.18606169012565468,0.167849509495222,0.25297390749915544,0.2513140791335749
MambaMIL,0.1,3,366,0.19066502151462184,0.1769164162242845,0.29801841259846495,0.3360413720905497
MambaMIL,0.25,0,367,0.23475671209528537,0.2123100155649677,0.2903888383666287,0.31253178985459096
MambaMIL,0.25,1,367,0.2878621026419234,0.30703890773560477,0.37936956525837534,0.4036790797186214
MambaMIL,0.25,2,367,0.27451389039967633,0.28311325314898483,0.3925512979821006,0.4345836253025435
MambaMIL,0.25,3,366,0.2726441347667272,0.2554492519905573,0.40787581851597177,0.4249332087191492
MambaMIL,0.5,0,367,0.3009171031941592,0.30031708373695576,0.38211341604260607,0.3916828008572627
MambaMIL,0.5,1,367,0.3130557092915855,0.33717926477169846,0.4369457522749095,0.47424797915827455
MambaMIL,0.5,2,367,0.3139382015465728,0.3209871149934778,0.40681602768625,0.43824062328662594
MambaMIL,0.5,3,366,0.30632862883257894,0.2702861519209115,0.4135879527719928,0.29684960452205156
MambaMIL,0.75,0,367,0.3118469031305835,0.28038753585433146,0.39356788167129,0.34769593670939525
MambaMIL,0.75,1,367,0.3605644590538467,0.38044816534728243,0.5045234414105526,0.5413225847278675
MambaMIL,0.75,2,367,0.34098790998462575,0.3489788546545523,0.4630867436544852,0.4951695226741356
MambaMIL,0.75,3,366,0.33469353265567,0.32156653338003555,0.39222561089317104,0.3956173025928629
MambaMIL,1.0,0,367,0.3539054933061028,0.38224042078381953,0.46443636409770206,0.4923819412143202
MambaMIL,1.0,1,367,0.37556460580975043,0.39414385997445145,0.5483286879031182,0.5711403960675965
MambaMIL,1.0,2,367,0.33595360009929875,0.3337716280965195,0.4485376734294626,0.4838275490216559
MambaMIL,1.0,3,366,0.35809721505491343,0.34171169347642205,0.4532575166674552,0.4559267232998054
CPNN,0.1,0,367,0.20954783566231308,0.1783357251917244,0.24016506200413912,0.1993622307147968
CPNN,0.1,1,367,0.231184449907379,0.21835180367547083,0.2458563215739425,0.2648511767249921
CPNN,0.1,2,367,0.23017048688148833,0.21229340840429725,0.2879618113446358,0.286716012271623
CPNN,0.1,3,366,0.21424873863805285,0.19540694915855342,0.24345777056686704,0.24459986865598482
CPNN,0.25,0,367,0.24907925134573383,0.2280784475907629,0.2998259726310934,0.29773916755042684
CPNN,0.25,1,367,0.2907091507869558,0.29003279361557976,0.2652199997324799,0.29057339897385565
CPNN,0.25,2,367,0.2761271398328958,0.2846755219546278,0.32261075215722895,0.3255618413833263
CPNN,0.25,3,366,0.2680742902044674,0.25131931408857044,0.3011538144118395,0.3064187808640261
CPNN,0.5,0,367,0.2947048227944284,0.28858594930628356,0.31321091980353866,0.30576254182503626
CPNN,0.5,1,367,0.3213495825725062,0.3233823438450405,0.3180540429066153,0.3515906879549302
CPNN,0.5,2,367,0.3234208276893207,0.3265977043524418,0.3614562798761816,0.4038695798435211
CPNN,0.5,3,366,0.30991456380754245,0.2956967176147679,0.34056166648927294,0.3664201510855708
CPNN,0.75,0,367,0.32393448796671154,0.3167655161505322,0.3620290764303167,0.3538128342819307
CPNN,0.75,1,367,0.34632766349041383,0.34604630177170326,0.3631143324978815,0.3852357851883188
CPNN,0.75,2,367,0.3509838100999746,0.3462307913865067,0.42012923323111473,0.4372690070094323
CPNN,0.75,3,366,0.3269207436906546,0.3165899406310313,0.36064176119792957,0.3702662420105983
CPNN,1.0,0,367,0.34629766646513194,0.37010259527278927,0.3627761912380287,0.3508346993247887
CPNN,1.0,1,367,0.365567679871386,0.37470515742875943,0.38946435047834516,0.416998367732673
CPNN,1.0,2,367,0.36572019371574105,0.36001454035827446,0.43264058029961316,0.43550560792097537
CPNN,1.0,3,366,0.34640314967674435,0.33396636603465746,0.3791727569154193,0.39743151610430094
2DMamba,0.1,0,367,0.004483862482446931,-0.00048347144854871794,0.13284490273198768,0.1331696121744595
2DMamba,0.1,1,367,-0.02429060204421728,-0.021359664485518615,0.017568843323300228,0.007020810027630959
2DMamba,0.1,2,367,0.20074641123643214,0.18206877420634163,0.25508603865537877,0.28516360400186214
2DMamba,0.1,3,366,-0.005572273183020232,-0.0036381699200175558,0.09787165327120392,0.0748809597547377
2DMamba,0.25,0,367,0.02071072029387185,0.0041391932490270995,0.13058255898119386,0.06862696175431898
2DMamba,0.25,1,367,0.2926052951865307,0.31758448565782993,0.44293444238183793,0.4685951113133923
2DMamba,0.25,2,367,-0.009944458721448305,-0.005987014100099923,-0.009829260345248496,0.009797496772050435
2DMamba,0.25,3,366,0.2375907402151846,0.2148956988075117,0.352457591464576,0.3501683842852036
2DMamba,0.5,0,367,0.2934661021249441,0.27808945074195585,0.3966085964544888,0.40489288159597586
2DMamba,0.5,1,367,0.1967061838909455,0.19333141009078175,0.1977271575551996,0.23218311539464742
2DMamba,0.5,2,367,-0.015216534537897692,-0.012752486452058384,-0.05035345924175301,-0.04303219944467196
2DMamba,0.5,3,366,0.30730105149539894,0.28955735535986965,0.4361025731743833,0.4379501126430496
2DMamba,0.75,0,367,0.31965025470790154,0.3114908298117107,0.40015742213697003,0.4139603087574017
2DMamba,0.75,1,367,0.3524048639081974,0.35455060320177856,0.47199810642976603,0.5082900338844085
2DMamba,0.75,2,367,0.3341662048800271,0.31960762439913265,0.4661461505523923,0.4835013269475722
2DMamba,0.75,3,366,0.3151428177899773,0.29995209870141554,0.4194129835218795,0.419219510321129
2DMamba,1.0,0,367,0.3533898724208378,0.3892362571883593,0.44276760700611717,0.4698374667894198
2DMamba,1.0,1,367,0.35505364903686587,0.3669205988304535,0.4881897343173241,0.5154631987617411
2DMamba,1.0,2,367,0.34578041400331583,0.33132284487015445,0.47506139419660565,0.5006489878058658
2DMamba,1.0,3,366,0.3362086674725648,0.32029648488244383,0.43433710453426844,0.464715662997713
